"APC","TP53","KRAS","PIK3CA","FBXW7","BRAF","ARID1A","SOX9","RNF43","SMAD4","KMT2D","PTPRS"
1,0,0,1,0,0,0,1,0,0,0,0
1,1,1,0,0,0,0,0,0,0,0,0
1,1,0,0,0,0,0,0,0,0,0,0
1,1,1,1,1,0,0,1,0,0,0,0
1,1,0,0,0,0,0,0,0,0,0,0
1,0,0,0,0,0,0,0,0,0,0,0
1,1,0,0,0,1,0,0,0,0,0,0
1,0,1,0,0,0,0,0,0,0,0,0
1,1,1,0,0,0,0,0,0,0,0,0
1,1,1,0,0,0,0,0,0,0,0,1
1,0,1,1,0,0,0,0,0,0,0,1
0,1,0,1,0,0,1,0,0,1,1,1
1,0,1,0,0,0,0,0,0,0,0,0
1,1,0,0,0,0,0,0,0,0,0,0
1,1,0,1,0,1,0,0,0,0,0,0
1,1,0,0,0,0,0,0,0,1,0,0
0,1,0,0,0,1,0,0,0,1,0,1
1,0,1,1,1,0,0,0,0,0,0,0
1,1,1,1,0,0,0,0,0,1,0,0
0,1,0,0,0,1,0,0,1,0,0,0
0,1,0,0,0,0,0,0,1,0,0,0
1,1,0,0,0,0,1,0,0,0,1,0
1,0,1,0,0,0,0,0,0,0,0,0
1,1,1,1,0,0,0,1,0,0,0,0
0,1,0,0,0,0,0,0,1,1,0,0
1,1,1,0,0,0,0,0,0,0,0,0
0,1,0,1,0,0,0,0,0,0,0,0
1,1,0,1,0,1,0,0,0,0,0,0
1,1,1,0,0,0,0,0,0,0,0,0
1,1,1,0,0,0,0,0,0,0,0,0
1,1,0,0,0,0,0,0,0,0,0,0
1,1,0,0,0,0,0,0,0,0,0,0
1,1,0,0,0,0,0,0,0,0,0,0
1,1,1,0,1,0,0,0,0,0,0,0
1,1,0,1,0,0,0,0,0,0,0,0
0,0,1,1,1,0,0,0,0,0,0,0
1,0,0,0,1,0,0,1,1,0,1,0
1,1,1,0,0,0,0,0,0,0,0,0
1,0,1,1,0,0,0,1,0,0,0,0
1,1,0,1,0,1,0,0,0,0,0,1
1,1,0,0,0,0,0,0,0,0,0,0
1,1,0,0,0,0,0,0,0,0,0,0
1,1,1,0,0,0,0,0,0,0,0,0
1,0,1,1,0,0,1,0,0,0,0,0
1,1,1,0,0,0,0,0,0,0,0,0
1,1,1,0,0,0,0,0,0,0,0,0
1,1,0,0,0,0,0,0,0,0,0,0
1,0,1,0,0,0,0,0,0,0,0,0
0,0,1,0,0,0,0,0,0,0,0,0
1,1,0,0,0,0,0,0,0,0,0,0
1,1,0,0,0,0,0,0,0,0,0,0
1,0,1,0,0,0,0,0,0,0,0,0
0,1,0,1,0,0,0,0,0,0,0,0
0,1,0,1,0,1,0,0,0,0,0,0
1,1,0,0,0,0,0,0,0,0,0,0
1,1,0,0,0,0,0,0,0,0,0,0
1,1,0,0,0,0,0,0,0,0,0,0
1,1,0,0,1,0,0,0,0,0,0,0
0,0,0,1,1,1,0,0,1,0,1,0
1,0,1,1,0,0,0,0,0,1,0,0
1,1,1,0,0,0,0,1,0,0,1,0
0,0,1,1,0,0,0,0,0,0,0,0
1,1,0,0,1,0,0,0,0,0,0,0
0,0,0,0,0,0,0,0,0,0,1,0
1,1,0,0,0,0,0,0,0,0,0,1
1,1,1,0,0,0,0,1,0,0,0,0
1,1,1,0,0,0,0,0,0,0,0,0
1,1,1,0,0,0,1,0,0,0,0,0
1,1,0,0,0,0,0,0,0,0,0,0
1,1,0,0,0,0,0,0,0,0,0,0
1,1,0,0,0,0,0,0,0,0,0,0
1,1,0,0,0,0,0,0,0,0,0,0
1,1,1,0,0,0,0,0,0,0,0,0
1,1,0,1,1,0,0,0,0,0,0,0
0,1,1,0,0,1,0,0,0,0,0,0
1,1,0,0,0,0,0,0,0,0,0,0
1,1,0,0,0,0,0,0,0,0,0,0
1,1,0,0,0,1,0,0,0,1,0,0
1,1,1,0,0,1,0,0,0,0,0,0
1,0,1,0,0,0,0,0,0,0,0,0
1,0,1,1,0,0,0,1,0,0,0,0
1,1,0,1,0,0,0,0,0,0,0,0
1,1,1,0,0,0,0,0,0,0,0,0
1,0,1,1,0,0,0,0,0,0,0,0
1,1,1,0,0,0,0,0,0,0,0,0
0,1,1,0,0,0,0,0,1,0,0,0
1,1,0,0,0,0,0,0,0,0,0,0
1,1,0,0,1,0,0,0,0,0,0,0
0,1,1,0,0,0,0,0,0,0,0,0
1,1,1,0,0,0,0,0,0,0,0,0
0,1,0,0,0,0,0,0,0,0,0,0
1,1,0,1,1,0,0,1,0,0,0,0
0,1,1,0,0,0,0,0,0,0,0,0
1,1,0,0,0,0,0,0,0,0,0,0
0,0,1,0,0,0,0,0,0,0,0,0
1,1,1,0,0,0,0,0,0,0,0,0
1,1,0,1,0,0,0,0,0,0,0,0
0,1,1,0,0,1,0,0,0,0,0,0
0,0,1,0,1,0,1,1,0,0,0,0
0,0,0,0,0,1,0,0,0,1,0,0
1,1,1,0,0,0,0,1,0,0,0,0
1,0,1,0,0,0,0,1,0,1,1,0
1,1,1,0,0,0,0,0,0,0,0,0
1,1,0,1,0,0,0,0,0,1,1,0
1,0,1,1,0,0,1,0,0,0,0,1
0,1,1,0,0,0,0,0,0,0,0,1
0,1,0,0,0,0,0,0,0,0,0,0
1,1,0,0,0,1,0,0,0,1,0,1
0,1,0,1,0,1,0,0,1,0,0,0
1,0,1,0,0,0,0,0,0,1,0,0
1,0,1,1,1,0,0,0,0,0,0,1
1,0,1,1,0,0,0,0,0,0,0,0
0,0,0,1,0,0,0,0,1,0,0,0
1,0,1,0,0,0,0,0,0,0,0,0
0,0,0,0,0,0,0,0,0,0,0,0
1,1,0,0,0,0,0,0,0,0,0,0
1,1,0,0,0,0,0,0,0,0,0,0
1,1,0,0,1,0,0,0,0,0,0,0
1,1,0,0,0,0,0,0,0,0,0,0
1,0,1,0,0,0,0,0,0,1,0,0
1,1,1,1,1,0,1,1,0,0,1,0
0,1,0,0,0,0,0,0,0,0,0,0
1,1,1,0,0,0,0,0,0,1,0,0
0,0,0,0,0,1,0,0,0,0,0,0
0,1,0,0,0,0,0,0,1,1,0,0
1,1,1,0,0,0,0,0,0,0,0,0
1,1,0,0,0,0,0,0,0,0,0,0
1,1,0,1,0,0,0,0,0,1,1,0
1,0,1,1,0,0,0,0,0,0,0,0
1,1,1,0,0,0,0,0,0,0,0,0
1,1,0,0,0,0,0,0,0,0,0,0
1,0,1,0,0,0,0,0,0,0,0,0
1,1,0,1,1,1,0,0,0,0,0,0
1,0,0,0,0,1,0,0,0,0,0,0
1,1,0,0,1,0,0,0,0,0,0,0
0,1,1,0,0,0,0,0,0,0,0,0
1,1,0,0,0,0,0,0,0,0,0,0
0,0,1,0,0,0,0,0,1,0,1,1
1,1,0,0,0,0,0,0,0,1,0,0
1,0,1,0,1,0,0,0,0,0,0,0
1,1,1,0,0,0,0,0,0,0,0,0
1,1,1,0,0,0,0,0,0,0,0,0
0,0,1,0,1,0,0,0,1,0,1,1
1,0,1,1,0,0,0,0,0,1,0,0
1,0,1,0,0,0,0,1,1,0,1,1
1,1,0,0,0,0,0,0,0,0,0,0
0,1,0,1,0,1,1,0,1,0,1,1
1,0,1,0,0,0,0,1,0,0,0,0
1,1,0,0,0,0,1,0,1,0,1,1
1,1,0,0,0,0,0,0,0,0,0,0
1,1,0,0,0,0,0,1,0,0,0,0
1,1,1,0,1,0,0,0,0,0,1,0
1,0,0,1,1,0,1,0,0,0,0,1
1,1,0,0,0,0,0,0,0,0,0,0
0,0,0,0,0,1,0,0,0,0,1,0
1,0,0,0,0,0,1,0,1,1,1,1
0,0,0,0,1,1,0,0,1,0,0,0
0,1,0,0,0,0,0,0,0,0,0,0
0,1,0,0,0,1,0,0,0,0,0,0
1,1,0,0,0,0,0,0,0,0,0,0
1,1,0,1,0,1,0,0,0,0,0,0
0,1,1,0,0,0,0,1,0,0,0,0
1,1,1,0,0,0,1,0,0,0,0,0
0,0,0,0,0,0,0,0,0,0,0,0
1,1,0,0,0,0,0,0,0,0,0,0
1,1,0,0,0,0,0,0,0,0,0,0
1,1,1,0,0,0,0,0,0,0,0,0
1,0,1,0,0,0,0,0,0,0,0,0
1,0,0,0,0,0,0,1,0,0,0,1
0,1,0,0,0,1,0,1,1,0,0,0
1,1,0,0,0,0,0,0,0,0,0,0
0,1,1,0,0,0,0,0,0,0,0,0
1,1,0,0,0,0,0,0,0,0,0,0
1,1,0,0,0,0,0,0,0,0,0,0
1,0,1,1,0,0,0,1,0,0,1,1
1,1,1,1,0,0,0,0,0,0,0,0
0,0,1,1,0,0,1,0,1,1,1,0
0,0,1,1,0,0,0,0,0,0,0,0
1,1,0,0,0,1,1,0,0,0,0,0
0,1,0,0,0,1,0,0,0,0,0,0
1,1,0,0,0,0,0,0,0,0,0,0
1,1,1,0,0,0,0,0,0,0,0,0
1,1,0,0,0,0,0,0,0,0,0,0
1,1,1,1,0,0,0,0,0,1,0,0
1,1,1,0,0,0,0,1,0,0,0,0
1,1,1,0,0,0,0,0,0,0,0,0
0,1,0,0,0,0,0,0,0,0,0,0
0,1,0,0,0,0,0,0,0,0,0,0
1,1,1,0,0,0,0,0,0,0,1,0
1,1,0,0,0,0,1,0,0,0,0,0
0,0,1,0,1,0,0,0,0,0,0,0
1,1,0,0,0,0,0,0,0,0,0,0
0,1,0,0,1,1,0,0,0,0,0,0
1,0,0,0,1,0,1,0,1,0,0,0
1,1,0,0,0,0,0,0,0,0,0,0
1,1,0,0,0,0,0,0,0,0,0,0
0,1,1,0,0,0,0,1,0,0,0,0
1,1,1,0,0,0,0,0,0,0,0,0
0,1,0,0,0,0,0,0,0,0,0,0
1,1,0,1,0,0,0,0,0,0,0,0
1,0,1,0,0,0,0,0,0,0,0,0
1,1,1,0,1,0,0,0,1,0,1,0
1,1,0,1,0,0,0,0,0,0,0,0
1,0,0,0,0,0,0,0,0,0,0,0
0,1,0,1,0,1,1,0,0,0,1,0
0,1,0,0,0,0,0,0,0,0,0,0
1,1,0,1,0,0,0,0,0,0,0,0
1,0,1,1,0,0,0,0,0,0,0,0
1,1,0,0,0,1,0,0,0,0,0,0
0,1,0,1,0,0,1,0,1,0,1,1
1,0,0,0,0,0,0,0,0,0,0,0
1,1,0,1,0,0,0,0,0,0,0,0
0,1,0,1,0,0,0,0,0,0,0,0
1,1,1,0,0,0,0,0,0,0,0,0
1,0,1,1,0,0,0,0,0,0,0,0
1,0,1,1,0,0,0,0,0,0,0,0
1,1,0,1,0,0,0,1,0,0,1,0
1,0,1,1,0,0,0,0,0,1,0,0
1,1,0,0,0,0,0,0,0,1,0,0
1,1,1,0,0,0,0,0,0,0,0,0
1,1,0,0,0,0,0,0,0,0,0,0
1,1,1,0,0,0,0,0,0,0,0,0
0,1,0,0,0,0,0,0,0,0,0,0
1,1,0,0,0,0,0,0,0,0,0,0
1,1,0,0,0,0,0,0,0,0,0,0
1,0,1,0,1,0,0,0,0,1,0,0
1,0,1,0,0,0,0,0,0,0,1,1
0,1,1,1,0,0,0,0,0,0,0,0
1,0,1,1,0,0,0,0,0,1,0,0
0,0,0,0,1,1,1,0,1,1,0,1
0,0,0,0,0,1,0,0,1,0,0,1
0,1,0,0,0,0,0,0,1,0,0,0
1,1,1,0,0,0,0,0,0,0,0,0
1,1,0,0,0,0,0,0,0,0,0,0
1,1,1,0,0,0,0,0,0,0,0,0
1,1,0,0,0,1,0,0,0,1,0,0
0,1,0,0,0,0,0,0,0,0,0,0
1,0,1,0,0,1,0,0,0,0,0,0
0,0,0,0,0,0,0,0,0,0,0,0
1,0,1,1,0,0,1,0,0,0,0,0
0,0,1,0,0,0,0,0,0,0,0,0
1,1,1,1,0,0,0,0,0,0,0,0
1,1,1,0,0,0,0,0,0,0,0,0
1,0,1,1,1,0,1,0,1,0,1,0
1,1,0,0,1,0,0,0,0,0,0,0
0,1,1,0,0,0,0,0,1,0,0,0
1,1,1,0,0,0,0,0,0,0,0,0
1,0,1,0,0,0,0,0,0,0,0,0
1,1,1,1,0,0,0,0,0,0,0,0
0,0,0,0,0,0,0,0,0,0,0,1
1,1,1,0,0,0,0,0,0,0,0,0
0,1,1,1,0,0,0,0,0,0,0,0
1,1,1,1,1,0,1,0,1,0,1,0
0,1,0,0,0,1,0,0,0,1,0,0
0,1,1,0,0,0,0,0,0,0,0,0
1,1,0,0,0,0,0,0,0,0,0,0
1,1,0,0,0,0,0,0,0,0,0,0
0,1,1,0,0,0,0,0,0,0,0,0
1,1,1,0,0,0,0,0,0,0,0,0
1,1,0,1,0,0,0,0,0,0,1,0
0,0,1,0,0,0,0,0,0,0,0,0
1,0,0,0,0,1,0,0,0,1,0,0
0,1,0,0,0,1,0,0,0,0,0,0
1,0,1,0,0,0,0,0,0,1,0,0
0,1,1,0,0,0,0,0,0,0,0,0
1,1,1,0,0,0,0,0,0,0,0,0
1,1,0,0,0,0,0,0,0,0,0,0
1,1,1,0,0,0,0,0,0,0,0,0
0,1,0,0,0,0,0,0,0,0,0,0
1,1,0,0,0,0,0,0,0,0,0,0
1,0,1,1,1,0,1,0,1,0,1,0
1,1,0,0,0,0,0,0,0,0,0,0
1,1,0,0,0,0,0,0,0,0,0,0
1,0,0,0,0,1,0,0,0,0,0,0
0,1,1,1,0,0,0,0,0,0,0,0
1,0,1,0,0,0,1,0,1,0,0,1
1,1,1,0,0,0,0,0,0,1,0,0
1,1,0,0,0,0,0,0,0,0,0,0
1,0,1,1,0,0,0,0,0,0,0,0
1,1,1,0,0,0,0,0,0,1,0,0
1,1,1,1,0,0,0,0,0,0,0,0
1,1,1,0,1,0,0,0,0,0,0,0
1,1,1,0,1,0,0,0,0,0,0,0
1,0,0,0,0,0,0,0,0,0,0,0
1,0,1,1,1,1,1,0,0,0,1,1
0,1,0,0,0,0,0,0,0,0,0,0
1,1,1,0,0,0,0,0,0,0,0,0
1,1,0,0,0,0,0,1,0,0,0,0
1,1,0,0,0,0,0,0,0,0,0,0
1,1,1,1,1,0,0,1,0,0,1,1
0,1,0,0,0,0,0,0,0,1,0,0
0,1,0,0,0,1,0,0,0,0,0,0
0,0,1,0,0,0,1,0,1,0,1,1
0,0,0,0,0,0,0,0,0,0,0,0
1,1,1,1,0,0,0,0,0,0,0,0
1,1,0,0,0,0,0,1,0,0,0,0
0,1,0,0,0,0,0,0,0,1,0,0
1,1,0,0,0,0,0,0,0,0,0,0
1,1,0,0,0,0,0,0,0,0,0,0
0,1,0,0,0,1,0,0,0,0,0,0
1,1,1,0,1,0,0,0,0,0,0,0
1,0,1,0,0,0,0,1,0,0,0,0
1,1,0,0,0,0,0,0,0,0,0,0
1,1,0,0,0,0,0,0,0,0,0,0
1,1,0,0,0,0,0,0,0,0,0,0
0,0,1,1,0,1,0,0,0,1,0,0
0,0,0,1,1,0,1,0,0,0,0,1
1,1,0,0,0,0,1,0,0,0,0,0
1,0,0,0,0,0,0,0,0,0,0,0
1,1,1,0,0,0,0,0,0,0,0,0
1,0,1,1,0,0,0,0,0,0,0,0
0,1,0,0,0,1,0,0,0,0,0,0
1,0,1,0,0,0,0,0,0,0,0,0
1,1,1,0,0,0,0,0,0,0,0,0
0,0,0,1,0,1,1,0,1,1,0,0
1,1,0,0,0,0,0,0,0,0,0,0
1,1,0,0,0,0,0,0,0,0,0,0
1,1,1,0,1,0,0,0,0,1,0,0
0,1,0,0,0,0,1,0,0,1,0,0
1,1,1,1,1,1,1,0,0,1,1,1
1,1,0,0,0,0,0,0,0,0,0,0
1,1,1,0,0,0,0,0,0,0,0,0
1,1,0,0,0,0,0,0,0,0,0,0
1,1,0,0,0,0,0,0,0,0,1,0
1,1,1,0,1,0,0,0,0,1,0,0
1,1,1,0,0,0,0,0,0,0,0,0
1,1,0,0,0,0,0,1,0,0,0,0
1,0,1,1,1,0,0,0,0,0,0,0
1,1,0,0,0,0,0,0,0,1,0,0
1,1,1,0,0,0,0,0,0,0,0,0
1,1,0,0,0,0,0,0,0,0,0,0
1,1,0,1,0,1,0,0,0,0,0,0
1,1,0,0,0,0,0,0,0,0,1,0
1,1,0,0,1,0,0,0,0,0,0,0
1,1,0,0,0,0,0,0,0,0,0,0
1,1,0,0,0,0,1,0,0,1,0,0
1,1,1,1,0,0,0,0,0,1,0,0
1,1,0,0,0,0,0,0,0,0,0,0
0,1,0,0,0,0,0,0,0,0,0,0
1,0,1,1,1,0,0,0,0,1,0,0
0,0,1,0,0,0,0,1,0,0,0,0
1,1,0,0,0,0,0,0,0,1,0,0
0,0,1,0,0,0,0,0,0,0,0,0
1,1,0,0,0,0,0,0,0,0,0,0
1,1,0,0,0,0,0,0,0,0,0,1
1,0,1,0,0,0,0,1,0,1,0,0
0,0,1,1,0,0,0,0,1,0,0,0
1,0,1,0,0,0,0,0,0,0,0,0
1,0,1,1,0,0,0,1,0,1,0,0
1,0,1,1,0,0,0,0,0,0,0,1
0,1,0,1,0,0,0,0,1,1,0,0
1,1,0,0,0,0,0,0,0,0,0,0
1,0,0,1,1,0,0,1,0,0,0,0
1,1,1,0,0,0,0,0,0,0,0,0
0,1,0,0,0,0,0,0,0,0,0,0
1,1,0,0,0,1,0,1,0,0,0,1
1,1,0,0,0,0,0,0,0,0,0,0
1,1,0,0,0,0,0,1,1,1,1,0
0,1,0,0,0,0,0,0,0,0,0,0
1,0,1,1,0,0,0,0,0,0,0,0
1,0,1,1,0,1,1,0,0,0,1,1
0,1,1,0,0,0,0,0,0,0,0,0
1,1,0,0,0,0,0,0,0,0,0,0
1,1,1,1,0,0,1,0,0,0,0,0
1,0,1,1,0,0,1,0,0,0,0,0
1,1,0,1,0,0,0,0,0,0,0,0
1,0,0,0,0,0,0,1,0,1,0,0
1,1,0,0,0,0,0,0,0,0,0,0
0,1,1,0,0,0,0,0,0,0,0,0
0,0,1,0,0,0,0,1,0,0,0,0
0,1,1,0,0,0,0,0,0,0,0,0
1,0,0,0,1,0,0,0,0,0,0,0
1,1,0,0,1,0,0,0,0,0,0,0
1,0,1,1,0,0,0,0,0,0,0,0
1,1,0,0,0,0,0,0,0,0,0,0
0,0,0,0,0,0,0,1,0,0,0,0
1,0,1,1,0,0,0,0,0,0,0,0
0,1,0,0,0,1,0,0,0,1,0,1
1,0,1,0,1,0,0,1,0,0,0,0
1,1,1,0,0,0,0,0,0,0,0,0
1,0,1,0,0,0,0,0,0,0,0,0
1,1,0,1,0,0,1,0,0,0,0,0
1,1,0,0,0,0,0,0,0,1,0,0
1,1,0,0,0,0,0,0,0,0,0,0
1,0,0,0,0,0,1,0,0,0,1,0
0,1,0,0,0,1,0,0,1,0,0,0
1,0,1,0,0,0,0,0,0,0,0,0
1,1,1,0,0,1,0,0,1,0,0,1
0,0,1,0,0,0,1,0,1,0,1,1
1,1,0,0,0,1,0,0,0,0,0,0
1,1,0,0,1,0,0,0,0,0,0,0
1,1,1,0,0,0,0,0,0,0,0,0
0,1,0,0,0,0,0,0,0,0,0,0
0,0,0,0,0,1,1,0,1,1,1,1
0,1,1,0,0,0,1,0,1,1,0,0
0,1,1,1,1,0,1,1,0,0,1,1
1,1,0,1,0,0,0,0,0,0,0,0
0,0,0,1,0,0,1,1,1,0,1,0
1,1,0,1,1,1,0,0,0,0,0,0
1,1,0,0,0,1,0,0,0,0,0,0
1,0,0,0,0,1,0,1,0,1,0,0
0,1,0,0,0,0,0,0,1,0,0,0
1,1,0,1,1,0,0,0,0,0,0,0
1,1,1,0,0,0,0,0,0,1,0,0
1,1,0,0,0,0,0,0,0,0,0,0
0,1,0,0,0,0,0,0,0,0,0,0
0,1,0,0,0,0,1,0,1,0,1,0
1,0,0,0,0,0,0,0,0,0,0,0
1,0,1,1,0,0,0,1,0,1,0,0
1,0,1,0,0,0,0,1,0,0,0,1
1,0,1,1,1,0,1,0,0,0,0,1
1,1,0,0,0,1,0,0,1,0,0,0
1,1,0,0,0,0,0,0,0,1,0,0
0,0,0,0,0,0,0,0,0,0,0,1
0,1,1,0,0,0,1,0,1,1,0,0
1,0,0,0,0,0,0,0,0,0,0,0
1,0,1,1,1,0,0,0,0,0,1,0
1,1,0,0,0,0,1,0,0,0,0,0
0,0,0,0,0,1,0,0,0,1,0,0
1,0,1,0,0,0,0,0,0,1,0,0
1,0,1,1,0,0,0,1,0,0,0,0
1,1,0,0,0,0,0,0,0,0,0,0
1,1,0,0,0,0,0,0,0,0,0,0
1,1,0,0,0,0,0,0,0,0,0,0
1,0,1,0,0,0,1,1,0,0,0,0
1,1,0,0,0,0,1,1,0,0,0,0
1,1,0,0,0,0,0,0,0,0,0,0
1,0,1,1,0,0,0,0,0,0,0,0
0,0,0,0,0,1,0,0,0,0,1,1
1,0,1,0,0,0,0,0,0,0,0,0
0,1,0,1,0,1,1,1,0,0,1,0
0,0,0,1,1,0,1,1,0,0,0,0
1,1,0,0,0,1,0,0,0,1,0,0
0,1,0,0,0,0,0,0,0,0,0,0
0,1,1,0,0,0,0,0,0,0,0,0
1,0,0,1,0,0,1,0,0,0,1,0
1,1,0,1,0,1,0,0,0,0,0,0
1,0,0,1,0,0,0,0,0,0,0,0
1,0,0,0,0,1,0,0,0,0,0,0
1,1,0,0,0,0,0,0,0,0,0,0
0,1,1,0,0,0,0,0,0,0,0,0
0,0,1,0,0,0,0,1,0,0,0,0
1,1,1,0,1,0,0,0,0,0,0,0
1,1,1,0,0,0,0,0,0,0,0,0
1,1,0,1,0,0,0,0,0,0,0,0
1,0,1,1,1,0,1,0,1,0,0,0
1,1,0,0,1,0,1,0,0,0,0,1
1,1,1,0,0,0,0,0,0,0,0,0
0,1,0,0,0,0,0,0,0,0,0,0
1,1,0,0,0,0,0,0,0,0,0,0
1,1,0,0,0,0,0,0,0,0,0,0
1,1,1,1,0,0,0,0,0,0,0,0
1,0,0,1,1,0,0,0,0,0,0,1
0,0,0,0,1,1,1,1,1,0,1,0
0,0,1,0,0,0,0,0,0,0,0,0
1,1,0,0,0,0,0,0,0,0,0,0
0,1,0,0,0,1,0,0,0,0,0,0
0,0,0,0,0,0,0,0,0,0,0,0
1,0,1,0,0,0,0,0,0,1,0,0
1,1,0,1,1,1,0,1,1,1,1,1
0,0,0,0,0,1,0,0,1,0,0,0
1,0,1,1,0,0,0,0,1,1,0,0
0,1,1,0,0,0,0,0,1,0,1,0
1,1,1,0,0,1,0,0,0,0,0,0
1,1,1,1,0,0,0,1,0,0,0,0
0,0,0,1,0,1,1,0,1,0,1,1
0,1,0,0,0,0,1,0,1,0,1,0
1,1,0,0,1,0,0,0,0,0,0,0
1,1,1,0,0,0,0,0,0,0,0,0
0,1,0,0,0,1,0,0,1,0,1,0
1,0,1,0,0,0,0,0,0,0,0,0
0,0,1,0,0,1,1,0,1,0,1,1
1,1,0,1,0,0,0,1,0,0,0,0
1,1,0,0,0,0,0,0,0,0,0,0
0,0,0,0,1,1,0,0,1,0,1,0
1,1,0,1,1,1,1,0,0,0,0,0
0,0,0,0,1,1,1,0,1,0,1,1
1,0,1,0,0,0,1,0,0,0,1,1
1,0,0,0,1,0,0,1,0,1,1,0
1,0,1,0,0,0,0,0,0,0,0,0
0,0,0,1,0,1,1,0,1,0,0,0
0,1,0,0,0,1,0,0,1,0,0,1
1,1,1,0,1,0,1,0,1,0,1,1
1,0,0,0,0,0,0,0,0,0,0,0
1,1,1,0,0,0,0,0,0,0,0,0
0,0,0,0,0,0,1,0,1,0,1,1
1,1,0,0,0,0,1,0,0,0,0,0
1,1,1,0,0,0,0,0,0,0,0,0
1,1,0,0,0,0,0,0,0,0,0,0
0,1,0,0,0,0,0,0,0,0,0,0
0,1,0,0,0,0,0,0,0,0,1,0
1,1,1,0,0,0,0,0,0,0,0,0
1,1,1,0,0,0,0,0,0,0,0,1
1,1,1,0,0,0,0,0,0,0,0,0
0,1,0,0,0,0,0,0,0,0,0,0
0,1,1,0,1,0,0,0,0,0,0,0
1,1,0,0,0,0,0,0,0,0,0,0
0,1,0,0,0,1,0,0,0,0,0,0
1,1,1,0,0,0,0,0,0,0,0,0
1,0,1,0,0,0,0,0,0,0,0,0
1,1,0,1,0,0,0,0,0,0,0,0
1,1,0,0,0,0,0,0,0,0,0,0
0,0,0,0,0,1,0,0,1,0,0,0
1,0,0,0,0,0,0,0,0,0,0,0
0,0,0,0,0,0,0,0,0,0,0,0
1,1,0,0,0,0,0,0,0,0,0,0
0,0,0,0,0,0,0,0,0,0,0,0
1,1,1,0,0,0,0,0,0,0,0,0
1,1,1,0,0,0,0,0,0,0,0,0
1,1,0,0,0,0,0,0,0,0,0,1
1,0,0,0,0,0,0,0,0,0,0,1
1,1,1,0,0,0,0,0,0,0,0,0
1,1,0,0,0,0,1,0,0,0,0,0
0,1,1,0,0,0,0,0,0,0,0,0
1,1,0,0,0,0,0,1,0,0,0,0
1,1,1,0,0,1,0,1,0,0,0,0
0,1,1,0,0,0,0,0,0,0,0,0
1,1,0,0,0,0,0,0,0,0,0,0
0,1,1,0,0,0,0,0,0,0,0,0
0,0,1,0,0,0,0,1,0,0,0,0
1,1,1,0,0,0,0,0,0,0,0,0
1,1,1,0,0,0,0,1,0,0,0,0
1,1,0,0,0,0,0,1,0,0,0,0
1,1,1,0,0,0,0,0,0,0,0,0
0,1,0,0,0,1,0,0,0,1,0,0
1,1,1,0,0,0,0,0,0,0,0,0
0,1,1,1,1,0,0,0,0,0,0,0
1,0,1,1,1,0,0,0,0,0,0,0
1,0,1,0,0,0,0,0,0,0,0,0
1,0,1,0,0,0,0,0,0,0,0,0
0,0,1,1,0,0,0,0,1,0,0,0
1,0,1,1,1,0,0,0,0,0,0,1
0,1,0,0,1,1,1,0,1,0,1,1
1,0,1,0,0,0,0,1,0,1,0,0
0,1,0,1,0,1,1,0,1,0,1,1
1,1,0,0,0,0,0,0,0,0,0,0
0,1,1,1,0,0,0,0,0,0,0,0
0,1,0,0,0,1,0,0,1,0,1,0
1,0,1,1,0,0,0,0,1,0,1,1
1,0,1,1,0,0,1,0,1,0,0,1
0,1,0,0,1,0,0,0,0,0,1,1
0,1,0,1,1,1,0,0,1,1,1,0
1,1,1,0,0,0,0,0,0,0,0,0
1,1,1,0,0,0,0,1,0,0,0,0
0,0,0,1,0,0,0,1,0,1,0,0
1,1,0,1,1,1,0,1,0,0,0,1
1,0,0,0,1,1,0,0,1,0,0,1
1,1,0,0,1,0,1,0,0,0,0,0
0,0,0,0,1,0,0,0,1,0,0,1
1,1,1,0,0,0,0,0,0,0,0,0
1,1,0,0,0,0,0,0,0,1,0,0
0,0,0,1,0,1,1,0,0,0,1,0
1,0,1,1,1,0,0,0,0,0,0,1
1,1,1,0,1,0,0,0,0,0,1,0
1,1,0,0,0,0,0,0,0,0,0,0
1,1,1,0,0,0,0,0,0,0,0,0
0,1,0,0,0,1,0,0,0,0,0,0
1,1,0,1,0,0,0,0,0,0,0,0
1,0,1,1,0,0,0,0,0,0,0,0
1,1,1,0,0,0,0,0,0,0,0,0
0,1,0,0,1,1,1,0,1,0,0,0
0,1,0,0,0,0,0,0,0,0,0,0
1,1,0,0,0,0,0,0,0,0,0,0
0,0,0,0,0,0,0,0,0,0,0,0
1,1,1,0,0,0,0,0,0,0,0,0
0,0,1,0,0,0,0,0,0,0,0,0
1,1,1,1,1,0,0,0,0,0,0,1
1,1,1,0,0,0,0,0,0,1,0,0
1,1,0,0,1,0,1,1,0,0,1,1
0,0,1,1,1,0,0,0,0,0,0,0
0,1,0,0,0,1,0,0,0,0,0,0
1,0,0,0,0,0,0,0,0,0,0,0
1,1,0,0,0,0,0,0,0,0,0,0
0,1,0,0,0,0,0,0,0,1,0,0
0,0,1,1,0,0,0,1,0,1,0,0
1,1,1,0,0,0,0,0,0,0,0,0
1,0,0,1,0,0,0,0,0,0,0,0
1,1,1,0,0,0,0,0,0,0,0,0
1,1,0,0,0,1,1,0,1,1,1,0
1,0,1,1,1,0,1,0,1,0,0,1
0,0,1,1,0,0,1,0,0,0,0,0
1,1,1,1,0,0,0,0,0,0,0,0
1,1,0,0,0,0,0,0,0,0,0,0
1,1,1,0,0,0,0,0,0,0,0,0
0,0,0,0,1,0,0,0,1,0,1,0
1,0,1,0,0,0,0,0,0,1,0,0
0,1,0,0,0,0,0,0,0,0,0,0
1,0,0,1,0,0,0,1,0,0,0,0
1,1,0,0,0,0,0,0,0,0,0,0
0,1,1,0,0,0,0,0,0,1,0,0
0,0,0,0,0,0,0,1,0,0,0,0
0,1,1,0,1,0,0,0,0,0,0,0
1,0,1,1,0,0,0,0,0,0,0,0
0,1,1,0,0,0,0,0,1,0,0,0
1,1,0,0,0,0,0,0,0,0,0,0
0,1,0,0,0,1,0,0,0,0,0,0
0,0,1,0,0,0,0,0,0,0,0,0
1,0,0,0,0,0,0,0,0,0,0,0
1,1,1,0,1,0,0,0,0,0,0,1
1,1,0,1,0,0,0,0,0,0,0,0
1,1,0,0,0,0,0,0,0,0,0,0
1,0,0,0,0,0,0,0,0,0,0,0
1,0,0,0,1,0,1,0,1,0,1,0
0,1,0,0,0,0,0,0,0,0,0,0
0,0,0,0,0,0,0,1,0,0,1,0
0,1,0,0,0,0,0,0,0,1,0,0
0,1,0,0,0,1,0,0,0,0,0,0
1,1,0,0,0,0,0,0,0,0,0,0
1,1,0,0,0,0,0,0,0,0,0,0
1,1,1,0,0,0,0,0,0,0,0,0
1,1,0,0,1,0,0,1,0,0,0,0
1,0,0,0,1,0,1,0,0,0,0,1
1,1,1,0,1,0,0,0,0,0,0,0
1,0,1,0,0,0,0,0,0,0,0,0
0,1,0,0,0,0,0,0,0,0,0,0
1,1,0,0,0,0,0,0,0,0,0,0
1,1,1,0,0,0,0,0,0,0,0,0
1,0,1,1,0,0,0,0,0,0,0,0
1,1,1,0,0,0,0,0,0,1,0,0
0,1,0,0,0,1,0,0,1,1,0,1
1,1,1,0,0,0,0,1,0,1,0,0
0,1,0,1,0,1,0,0,0,0,0,0
0,1,0,0,0,0,0,0,0,1,0,0
0,0,1,0,1,0,0,0,0,0,0,0
0,1,0,1,0,1,0,0,1,0,0,0
1,1,0,0,0,0,0,0,0,0,0,0
0,1,1,1,0,0,0,0,0,0,0,0
0,1,1,0,0,0,0,0,0,0,0,0
1,1,0,0,0,0,0,0,0,0,0,0
1,1,0,0,0,0,0,0,0,0,0,0
1,1,0,1,0,0,0,0,0,0,0,0
1,1,0,0,0,0,0,1,0,0,0,0
1,1,0,0,0,0,0,0,0,0,0,0
1,1,1,0,1,0,0,0,0,0,0,0
1,0,0,1,0,1,0,0,1,0,0,0
1,0,0,0,1,1,0,1,0,0,0,0
0,0,0,0,0,1,1,1,1,0,0,1
1,0,0,1,0,0,1,0,0,0,0,0
1,1,0,0,0,0,0,1,0,0,0,0
0,0,0,0,0,0,0,0,0,0,0,0
1,1,0,0,0,0,0,0,0,0,0,0
0,0,0,0,0,0,0,0,1,0,1,0
1,1,0,0,0,0,0,0,0,0,0,0
1,1,0,0,0,0,0,0,0,0,0,0
0,1,0,0,0,0,0,0,0,0,0,0
1,0,0,1,0,0,0,1,0,1,0,0
1,1,0,0,0,0,0,0,0,0,0,0
1,1,0,0,0,0,0,0,0,1,0,1
0,1,0,0,1,0,0,0,1,0,1,1
1,1,1,0,0,0,0,0,0,0,0,0
1,1,1,0,0,0,0,0,0,0,1,0
1,1,0,0,0,0,0,0,0,0,0,0
0,1,0,0,0,1,0,1,1,0,0,1
1,1,0,0,0,0,0,0,0,0,0,0
1,0,1,1,1,0,0,0,0,0,0,0
1,1,0,1,0,0,0,0,0,0,0,0
1,1,1,0,0,0,0,0,0,0,0,0
1,1,1,0,0,0,0,0,0,0,1,0
1,0,1,1,1,0,0,0,0,0,0,0
1,1,1,0,1,0,0,0,0,0,0,0
1,1,0,0,0,0,0,0,0,0,0,0
0,1,0,0,0,0,0,0,0,1,0,0
1,1,1,0,0,0,0,0,0,1,0,0
1,1,0,1,1,1,0,0,0,1,0,0
1,1,0,0,0,0,0,0,0,0,0,0
1,0,1,1,1,0,0,0,0,0,1,0
1,1,1,1,0,0,0,0,0,0,0,0
1,0,1,1,0,0,0,0,0,0,0,0
1,0,1,1,1,0,0,1,0,0,0,0
1,1,0,0,1,0,1,0,0,0,0,0
0,1,1,0,0,0,0,0,0,0,0,0
1,1,0,0,0,0,0,0,0,0,0,0
1,1,0,0,0,0,0,0,0,0,0,0
1,1,1,0,0,0,0,0,0,0,0,0
1,1,1,0,0,0,0,1,0,0,0,0
1,1,1,1,0,0,1,0,0,0,0,0
0,1,1,1,0,0,0,0,0,0,0,0
1,1,0,0,0,0,0,0,0,0,0,0
1,0,0,0,0,1,0,0,0,1,0,0
1,1,0,0,0,0,0,0,0,0,0,0
1,1,0,0,0,0,0,0,0,0,0,0
1,1,0,0,0,0,0,0,0,0,0,0
0,1,0,0,0,0,0,0,0,0,0,0
1,1,1,0,0,0,0,0,0,0,0,0
1,1,0,0,0,0,0,0,0,0,0,0
1,1,0,1,0,0,0,0,0,0,0,0
1,1,1,0,0,0,0,0,0,0,0,0
0,1,0,0,0,0,0,0,1,0,0,0
0,1,0,0,0,0,0,0,0,0,0,0
1,1,0,0,0,0,0,0,0,0,0,0
1,0,1,0,0,0,0,0,0,0,0,0
1,1,0,0,0,0,0,1,0,0,0,0
1,0,1,0,0,0,0,0,0,0,0,0
1,0,1,1,0,0,0,0,0,0,0,0
0,1,0,0,0,0,0,0,0,0,0,0
0,1,0,0,0,0,0,0,0,0,0,0
1,1,1,0,0,0,0,0,0,0,0,0
0,1,0,1,0,0,0,0,0,0,0,0
1,1,1,0,0,0,0,1,0,0,0,0
1,1,0,0,0,0,0,0,0,0,0,0
1,1,0,0,0,0,0,0,0,0,0,0
0,0,0,0,0,0,0,0,1,0,0,0
1,1,0,1,0,0,0,0,0,0,0,0
1,1,0,1,1,0,1,0,0,1,1,1
0,1,0,0,0,1,1,1,1,0,1,1
1,1,0,0,0,0,0,1,0,0,0,0
1,1,1,0,0,0,0,0,0,0,0,0
1,1,0,0,1,0,0,0,0,0,0,0
1,1,1,0,1,0,0,1,0,0,0,0
1,1,0,0,0,0,0,1,0,0,0,0
1,0,1,1,0,0,1,1,1,0,0,0
1,1,1,0,0,0,0,0,0,0,0,0
1,1,0,0,0,0,0,0,0,0,0,0
0,1,0,0,0,0,0,0,0,0,0,0
1,0,1,0,0,1,1,0,0,0,0,0
0,0,0,1,0,0,1,0,1,0,0,0
1,0,1,1,0,0,0,0,0,0,0,0
1,0,0,0,0,1,0,0,1,1,1,1
1,0,1,0,0,0,0,0,0,0,0,0
1,1,0,0,0,0,0,0,0,0,0,0
1,1,0,0,0,0,0,0,0,0,0,0
1,1,1,0,0,0,0,0,0,0,0,0
1,1,1,0,0,0,0,0,0,1,0,0
1,1,0,0,0,0,0,0,0,0,0,0
1,0,1,0,0,0,0,0,0,0,0,0
0,1,1,0,0,0,0,0,0,1,0,0
1,1,0,0,0,0,0,0,0,0,0,0
1,1,0,1,0,0,0,0,0,0,0,0
1,1,1,0,0,0,0,1,0,0,0,0
1,1,0,1,0,1,0,0,0,0,0,0
0,1,0,1,0,0,0,0,0,0,0,0
1,1,0,1,0,0,0,0,0,0,0,0
0,1,0,0,0,0,0,0,0,0,0,0
1,1,1,0,0,0,0,0,0,0,0,0
0,0,0,0,0,0,0,1,0,1,0,0
1,1,1,0,0,0,0,0,0,0,0,0
1,1,1,1,1,0,0,0,0,0,0,0
1,1,1,0,0,0,0,0,0,0,0,0
1,0,0,1,0,1,0,0,0,1,0,0
1,1,0,0,0,0,0,0,0,0,0,0
1,0,0,0,0,0,0,1,0,0,0,0
0,1,1,0,0,0,0,0,0,0,0,0
1,1,0,0,0,1,0,0,0,0,0,0
1,1,0,1,0,1,0,0,0,0,0,0
1,1,0,0,0,0,0,0,0,0,0,0
0,1,1,0,0,0,0,0,0,0,0,0
1,1,0,0,0,0,0,0,0,0,0,0
1,1,0,0,0,0,0,0,0,0,0,0
1,1,0,0,0,0,0,1,0,0,0,0
1,1,0,1,0,0,1,0,0,0,0,0
0,0,0,0,0,1,1,0,1,1,1,0
0,1,1,0,0,0,0,0,1,1,0,0
0,0,1,1,0,0,0,1,0,0,0,1
1,0,1,1,1,0,0,0,0,0,0,1
1,0,1,0,0,0,0,0,0,1,0,0
1,1,1,1,0,0,0,0,0,0,0,0
1,1,0,0,0,0,0,0,0,1,0,0
1,1,1,1,0,0,0,0,0,1,0,0
1,0,0,0,1,0,1,0,1,0,0,0
1,1,1,1,1,0,0,0,0,0,1,0
0,1,0,0,1,1,1,1,1,0,0,0
0,0,1,1,0,0,0,0,0,0,0,0
0,1,0,0,0,0,0,0,0,0,0,0
1,1,1,1,0,0,0,0,0,0,0,0
0,0,1,0,0,0,0,1,0,0,0,0
0,1,1,1,0,0,0,0,0,0,0,0
1,1,0,0,0,0,0,0,0,0,0,0
1,1,0,0,0,0,0,0,0,0,0,0
1,0,1,1,0,0,0,1,1,0,1,0
0,1,1,1,0,0,1,0,1,0,1,1
0,1,0,1,0,0,0,0,0,0,1,0
1,1,0,1,0,0,0,0,0,0,0,0
1,1,1,0,0,0,0,0,0,0,0,0
1,1,0,0,1,0,0,0,0,0,0,0
1,0,1,1,0,0,0,0,0,0,1,0
1,1,1,0,0,0,0,0,0,0,0,0
1,1,1,0,0,0,0,1,0,0,0,0
0,1,0,0,0,1,1,0,0,1,0,0
1,1,1,0,0,0,0,0,0,0,0,0
1,1,0,1,0,0,0,0,0,0,0,0
1,1,0,0,1,0,0,0,0,0,0,0
0,1,0,0,0,1,0,0,0,0,0,0
1,1,0,0,0,0,0,0,0,0,0,0
1,0,1,0,0,0,0,0,0,0,0,0
1,1,1,0,0,0,0,0,0,0,0,0
1,1,1,0,0,0,0,0,0,0,0,0
1,0,0,0,1,1,0,1,1,0,1,0
1,1,0,0,0,0,0,1,0,0,0,0
1,1,1,0,0,0,0,1,0,0,0,0
1,1,1,0,0,0,0,0,0,0,0,0
1,1,0,0,0,0,0,0,0,0,0,0
1,1,1,0,0,0,0,0,0,0,0,0
0,0,1,0,1,0,1,1,0,0,0,1
0,1,0,0,0,0,0,0,0,0,0,0
1,1,1,0,0,0,0,0,0,0,0,0
0,1,0,0,0,0,0,0,1,0,0,0
1,1,0,0,0,0,0,0,0,0,0,0
0,1,1,0,0,0,0,0,0,1,0,0
0,0,1,0,1,0,0,0,1,0,1,1
0,1,1,0,0,0,0,0,0,0,0,0
1,0,1,1,0,0,0,0,0,0,0,1
1,1,1,0,0,0,0,0,0,1,0,0
1,1,1,0,0,0,0,0,0,0,0,0
1,1,1,0,0,0,0,0,0,0,0,0
0,1,0,0,0,0,0,0,0,0,0,0
1,0,1,0,0,0,0,1,0,0,0,0
1,0,0,0,0,1,1,1,0,0,0,1
1,0,1,1,0,0,0,0,0,0,0,0
0,1,0,1,1,1,1,0,1,0,1,0
0,0,0,0,0,0,0,1,1,1,0,0
0,1,1,1,0,0,0,0,0,0,0,0
1,1,1,0,0,0,0,0,0,0,0,0
1,1,1,1,0,0,0,1,0,0,0,0
1,1,0,0,0,0,0,0,0,1,0,0
0,1,1,0,0,0,0,0,1,0,0,0
1,1,0,0,0,0,0,0,0,0,0,0
1,0,1,0,0,0,0,0,0,0,0,0
1,1,1,0,0,0,0,0,0,0,0,0
1,1,0,0,0,0,0,0,0,0,0,0
1,1,0,0,0,0,0,0,0,0,0,0
1,0,1,1,0,0,0,1,0,0,0,0
1,0,1,0,0,0,0,0,0,1,0,0
1,1,1,0,0,0,0,0,0,0,0,0
1,1,0,0,1,0,0,0,0,0,0,0
1,0,1,0,0,0,1,1,1,0,0,0
0,1,1,1,0,0,0,0,0,0,0,0
1,1,1,0,0,0,0,0,0,0,0,0
0,0,0,0,1,1,0,0,1,1,0,1
1,1,0,0,0,1,0,0,0,0,0,0
1,0,1,0,1,0,1,1,0,0,0,1
1,1,0,0,0,1,0,0,1,0,1,1
1,0,1,1,0,0,0,0,0,0,1,0
1,0,1,0,0,0,0,0,0,0,0,0
1,1,1,0,0,0,0,0,0,0,0,0
0,0,1,1,0,0,0,1,0,0,0,0
1,1,0,0,0,0,0,0,0,0,0,0
1,0,1,1,0,0,0,1,0,0,0,0
1,0,1,1,0,0,0,0,0,0,0,0
1,1,0,1,0,0,0,0,0,0,0,0
1,1,1,0,0,0,0,0,0,1,0,0
1,1,0,0,1,0,0,0,0,1,0,0
1,1,0,0,0,0,0,0,0,0,0,0
1,1,0,0,0,0,0,0,0,0,0,0
0,1,0,0,0,1,0,0,0,0,0,0
1,1,0,0,0,0,0,0,0,0,0,0
1,1,1,0,1,0,0,0,0,0,0,0
0,0,1,0,1,0,1,0,1,1,1,0
1,1,1,0,0,0,0,0,0,0,0,0
0,0,1,0,0,0,0,0,0,0,0,0
0,1,1,0,1,0,0,0,0,0,1,1
1,1,0,0,0,0,0,0,0,1,0,0
0,0,0,0,0,0,0,0,0,0,0,0
0,0,0,1,1,1,0,0,0,0,0,0
1,1,0,0,0,0,0,1,0,0,0,0
1,1,0,0,0,0,0,0,0,0,0,0
1,1,0,0,0,0,0,0,0,0,0,0
1,0,1,0,1,0,1,1,0,1,1,0
1,0,0,0,0,0,0,0,0,0,0,0
1,1,1,0,0,0,0,0,0,0,0,0
1,1,0,0,0,0,0,0,0,0,0,0
1,1,0,0,0,1,0,1,0,1,0,1
1,1,0,0,0,0,0,0,0,0,0,0
1,0,1,0,0,0,0,0,0,0,0,0
1,0,1,1,0,0,0,1,0,0,1,0
0,1,0,0,0,0,0,0,0,0,0,0
1,0,0,0,0,0,1,1,0,0,1,0
1,1,0,0,0,0,0,0,0,0,0,0
1,1,1,0,0,0,0,0,0,0,0,0
1,1,0,0,0,0,0,0,0,0,0,0
1,1,1,1,0,0,0,0,0,0,0,0
0,1,1,0,0,0,0,0,0,1,0,0
1,1,0,1,1,0,1,1,1,0,1,1
1,0,0,0,1,0,1,0,0,0,1,0
1,0,0,1,0,0,0,0,0,0,0,0
0,1,1,0,0,0,0,0,0,0,0,0
1,1,0,0,0,0,0,0,0,0,0,0
0,0,0,0,0,1,0,1,1,0,1,0
1,0,1,0,1,0,0,0,0,0,1,0
1,1,1,1,1,0,1,1,0,0,0,0
0,1,1,1,0,0,0,0,1,1,1,0
1,1,0,0,0,0,0,0,0,0,0,0
1,1,0,0,0,0,0,0,0,0,0,1
1,0,1,0,0,0,0,0,0,0,0,0
0,0,1,1,0,0,1,0,0,0,0,0
0,1,0,0,0,0,0,0,0,1,0,0
0,1,0,1,0,1,1,0,1,0,1,1
1,0,0,0,1,0,1,1,1,0,1,0
1,1,0,1,0,0,0,0,0,0,0,0
1,1,1,1,1,1,0,0,0,0,0,0
0,0,0,0,0,0,0,0,0,1,0,0
1,1,1,0,0,0,0,0,0,0,0,0
1,1,1,0,1,0,0,0,0,0,0,0
1,0,1,0,0,1,0,0,0,0,0,0
1,1,0,0,0,0,0,0,0,0,0,0
0,1,0,0,0,1,0,0,0,0,0,0
0,1,0,0,0,0,0,0,0,0,0,0
1,0,1,0,0,0,1,1,0,0,0,0
1,1,0,1,0,0,0,0,0,0,0,0
1,1,0,0,0,0,0,0,0,0,0,0
1,1,0,0,1,1,0,0,0,1,0,0
1,0,0,0,0,0,0,0,0,0,0,0
1,1,0,0,0,0,0,0,0,1,0,0
0,0,0,0,0,1,0,1,1,0,0,1
1,0,1,0,0,0,1,0,0,0,0,0
0,0,1,0,0,0,0,0,0,0,0,0
1,1,0,0,0,0,0,0,0,0,0,0
0,1,0,0,0,0,0,0,0,0,0,0
0,1,0,1,1,1,0,0,0,1,0,0
1,0,1,1,0,0,1,0,0,0,0,0
1,1,0,0,1,0,0,1,0,0,0,0
1,1,0,0,0,0,0,0,0,0,0,0
1,1,0,0,0,1,0,0,0,0,0,0
1,0,0,1,0,0,1,1,1,1,0,0
1,0,1,0,0,0,0,1,0,1,0,0
0,0,0,0,0,1,0,0,0,0,1,1
0,0,1,1,0,0,0,0,0,0,0,0
1,1,0,0,0,0,0,0,0,0,0,0
1,1,0,0,0,0,0,1,0,0,0,0
1,1,1,0,0,0,0,0,0,0,0,0
1,1,1,0,0,0,0,0,0,0,0,0
1,1,0,0,0,0,0,0,0,0,1,0
1,1,0,0,0,0,0,0,0,0,0,1
1,1,1,0,1,0,0,0,0,0,0,0
1,1,1,0,0,0,0,0,0,1,0,0
0,0,0,1,0,1,0,0,1,0,0,0
0,1,0,0,0,0,0,0,0,0,0,0
1,1,0,1,0,0,1,0,1,0,1,1
1,1,0,0,0,0,0,0,0,0,0,0
0,1,0,1,0,0,1,0,0,0,0,0
1,1,1,0,0,0,0,0,0,0,0,0
1,0,1,0,0,0,1,0,0,0,0,0
1,0,1,1,0,0,0,0,0,0,0,0
1,0,0,0,0,0,1,0,0,0,1,0
0,1,1,0,1,1,0,0,1,0,1,1
1,0,1,0,0,0,0,0,0,0,0,0
1,1,1,1,0,0,0,0,0,0,0,0
1,0,1,0,0,0,0,0,0,0,0,0
1,0,1,0,0,0,0,1,0,0,0,0
1,1,0,1,0,0,0,0,0,0,0,0
0,1,0,0,0,1,0,0,1,0,0,0
1,1,0,0,0,0,0,0,0,0,0,0
0,1,0,0,0,0,0,0,0,1,0,0
1,0,1,1,0,0,0,0,0,1,0,0
1,0,1,0,0,0,0,0,0,0,0,0
1,1,1,0,0,0,0,0,0,0,0,0
0,1,0,0,0,1,0,0,0,0,0,0
1,1,1,1,0,0,0,0,0,0,0,0
1,1,1,0,1,0,1,1,0,0,0,0
1,1,0,1,0,0,0,0,0,0,0,0
0,0,0,0,0,0,0,0,0,0,0,0
0,0,1,0,0,0,0,0,0,0,0,0
0,1,0,0,1,1,0,1,1,0,1,0
1,1,0,0,0,0,0,0,0,0,0,0
1,1,1,0,0,0,0,0,0,0,0,0
1,1,1,0,0,0,0,0,0,0,0,0
1,1,1,0,0,0,0,0,0,0,0,0
1,1,1,0,1,0,0,0,0,0,0,0
1,1,1,0,0,0,0,0,0,0,0,0
1,1,0,0,0,0,0,0,0,1,0,0
1,1,0,1,0,0,0,0,0,0,0,1
0,1,1,0,0,0,0,0,0,0,0,0
0,1,0,0,0,0,0,0,0,0,0,0
0,1,0,0,0,0,0,0,1,0,0,0
0,1,0,0,0,0,0,0,0,0,0,0
1,1,1,0,0,0,0,0,0,0,0,0
1,1,1,0,0,0,0,0,0,1,0,0
1,0,0,0,0,0,0,0,0,0,0,0
1,1,0,0,0,0,0,0,0,0,1,0
1,1,1,0,0,0,0,0,0,1,0,0
0,1,0,0,0,0,0,0,0,0,0,0
0,1,1,0,0,0,0,0,0,0,0,0
1,0,1,1,1,0,0,0,0,0,0,0
0,1,0,0,0,0,0,0,1,0,0,0
1,1,0,0,1,0,0,0,0,0,0,0
1,1,1,0,0,0,0,0,0,0,0,0
0,1,0,1,0,0,0,0,0,0,0,0
0,0,1,0,0,0,0,0,0,0,0,0
1,1,1,0,0,0,0,0,0,0,0,0
1,1,1,0,0,0,0,0,0,0,0,0
1,1,1,1,1,0,0,0,0,0,0,0
1,1,1,0,0,0,0,0,0,0,0,0
1,1,1,1,0,0,0,1,0,0,1,0
1,1,1,1,0,0,0,0,0,0,0,0
1,1,0,0,0,0,0,0,0,0,0,0
1,0,1,1,0,0,0,0,0,0,0,0
1,0,1,0,0,0,0,0,0,0,0,0
0,1,0,0,0,1,0,0,0,0,0,0
0,0,0,0,0,0,0,0,0,0,0,0
1,0,1,1,1,0,0,0,0,0,0,0
1,1,0,0,1,0,0,0,0,0,1,0
1,0,1,1,0,0,0,0,0,1,0,1
1,0,1,0,0,0,0,0,0,0,1,0
0,0,0,0,0,0,0,0,0,0,0,0
1,1,1,0,0,0,0,0,0,0,0,0
1,0,1,1,0,0,0,0,0,0,0,0
0,1,0,0,0,0,0,0,0,0,0,1
0,0,1,1,0,0,1,0,1,1,0,1
1,0,1,1,1,0,0,1,0,0,0,0
0,1,0,0,0,0,0,0,0,1,0,0
1,1,0,0,0,0,0,0,0,0,0,0
1,0,1,1,0,0,0,0,0,0,0,0
0,0,0,0,0,0,0,0,0,0,0,0
1,1,1,0,0,0,0,0,0,0,0,0
1,1,1,0,1,0,0,0,0,0,0,0
1,1,0,0,0,0,0,0,0,0,0,0
0,1,0,1,0,0,1,0,1,1,1,0
1,1,0,0,0,0,0,0,0,0,0,0
1,0,1,0,0,1,1,0,0,0,0,0
0,1,1,0,0,0,1,0,0,0,0,0
0,0,0,0,0,1,0,1,0,0,0,0
1,0,1,0,0,0,1,0,0,0,0,0
1,1,0,0,0,0,0,0,0,0,0,0
1,0,1,1,0,0,0,0,0,0,0,0
1,1,0,1,0,1,0,0,0,0,0,0
1,0,1,1,0,0,0,0,0,0,0,0
1,1,0,0,0,0,0,1,0,0,0,0
1,0,1,1,1,0,0,1,0,1,1,0
1,1,0,0,0,0,0,0,0,0,0,0
1,1,1,0,0,0,0,0,0,0,0,0
1,1,0,0,0,0,0,0,0,0,0,0
1,1,1,0,1,0,0,0,0,0,0,0
1,1,0,0,0,0,0,0,0,0,0,0
1,0,1,1,1,0,0,0,0,1,0,1
1,1,1,0,0,0,0,0,0,1,0,1
1,0,0,0,0,0,0,0,0,0,0,0
1,1,0,0,0,1,0,0,0,0,0,0
1,1,0,0,0,0,0,0,0,0,0,0
1,1,1,0,0,0,0,0,0,0,0,0
1,0,1,0,0,0,0,0,0,0,0,0
1,1,0,0,0,0,0,0,0,0,0,0
1,1,0,1,0,0,0,0,1,0,0,0
1,1,0,0,0,0,0,0,0,0,0,0
1,1,0,0,0,0,0,0,0,0,0,0
1,1,0,0,0,0,0,0,0,0,0,0
0,1,0,0,0,0,0,0,0,0,0,0
1,0,1,1,0,0,0,0,0,1,0,0
0,1,0,1,0,1,0,0,0,0,0,0
1,0,0,0,0,0,0,1,0,0,0,0
1,1,0,0,0,0,0,0,0,0,0,0
1,0,1,0,1,0,0,1,0,0,1,0
1,0,1,1,0,0,0,0,0,0,0,0
0,1,0,0,0,0,0,0,0,0,0,0
1,1,0,0,0,1,0,0,0,0,0,0
0,1,0,1,1,0,0,1,1,0,1,1
1,1,0,1,0,1,0,0,0,0,0,0
1,1,1,0,0,0,0,0,0,0,0,0
1,1,1,1,0,0,0,0,0,0,0,0
1,1,0,0,1,0,0,0,0,0,0,0
0,0,0,0,0,0,0,0,0,0,0,0
1,0,0,0,1,0,0,0,1,0,1,0
0,0,0,1,0,0,1,1,1,0,1,0
1,0,1,0,0,0,0,0,0,0,0,0
1,1,0,0,0,0,0,0,0,0,0,0
1,0,0,1,0,0,0,0,0,0,0,0
0,1,1,0,0,0,0,0,0,0,0,0
1,0,1,0,1,0,0,1,0,0,0,0
0,1,0,1,0,0,0,0,0,0,0,0
1,1,0,0,1,1,1,0,1,0,1,0
0,1,0,1,1,0,1,1,1,0,1,0
0,1,1,0,0,0,0,0,0,1,0,0
1,0,1,0,0,0,0,0,0,0,0,0
1,1,1,0,1,0,0,0,0,0,0,0
1,1,1,0,0,0,0,1,0,0,0,0
1,1,0,0,0,0,0,0,0,0,0,0
1,0,0,1,0,0,1,0,0,0,0,1
1,0,1,0,0,0,0,0,0,0,0,0
1,1,0,0,0,0,0,1,0,0,0,0
1,0,0,0,0,0,1,0,1,0,1,1
0,0,0,1,0,1,1,1,1,0,1,0
1,0,0,0,0,0,0,1,0,0,1,0
0,0,0,0,0,1,0,0,1,0,0,0
1,1,1,0,0,0,0,0,0,0,0,0
1,1,1,0,1,0,0,0,0,1,1,1
1,1,0,0,0,0,0,0,0,0,0,1
1,1,1,0,0,0,0,0,0,0,0,0
1,1,0,0,0,0,0,0,0,0,0,0
1,0,1,0,0,0,0,0,0,0,0,0
1,1,0,0,0,0,0,0,0,0,0,0
1,1,1,0,0,0,0,0,0,0,0,0
1,1,0,0,0,0,0,0,0,0,0,0
1,0,0,0,0,1,1,1,1,0,1,0
1,1,1,0,0,0,0,0,0,0,0,0
1,0,1,1,0,0,0,0,0,0,0,0
1,1,1,1,1,0,0,0,0,1,0,0
0,0,0,1,0,1,0,1,0,0,1,0
1,1,1,0,0,0,0,0,0,0,0,0
1,1,1,0,0,0,0,0,0,0,0,0
1,1,0,0,0,0,0,0,0,0,0,0
1,1,0,1,0,0,0,0,0,0,0,0
1,0,1,0,0,0,0,0,0,0,0,0
1,0,0,0,0,0,0,0,0,0,0,0
1,1,0,0,0,0,0,0,0,0,0,0
1,0,1,0,0,0,0,0,0,1,0,0
0,1,0,0,0,0,0,0,0,1,0,0
0,1,0,0,0,0,0,0,0,0,0,0
1,0,1,0,0,1,0,0,0,0,0,0
0,0,0,1,0,1,0,1,0,0,0,1
1,1,0,0,0,0,1,0,0,0,0,0
1,0,1,1,0,0,0,0,0,0,0,0
1,1,1,1,0,0,0,0,0,0,0,0
0,1,1,1,0,0,1,1,0,0,1,1
1,1,1,0,0,0,1,0,0,0,0,0
1,1,1,0,0,0,0,0,0,1,0,0
1,0,1,0,0,0,0,0,0,0,0,0
1,1,0,0,0,0,0,0,0,0,0,0
1,1,1,0,1,0,0,0,0,0,0,0
1,1,1,1,0,0,0,1,0,1,0,0
1,0,1,1,1,0,0,0,1,0,1,0
1,1,1,1,0,0,0,0,0,0,0,0
0,1,0,0,0,0,0,0,0,0,0,0
1,1,1,0,0,0,0,1,0,0,0,0
1,0,1,1,0,0,0,0,0,0,0,0
1,1,0,0,0,0,0,0,0,0,0,0
0,1,1,0,0,0,0,0,0,1,0,0
1,1,0,0,0,0,0,0,0,0,0,0
1,0,0,0,0,0,0,0,0,0,0,0
0,1,0,0,1,1,1,0,1,0,1,0
1,0,0,0,0,0,1,1,0,0,1,0
0,0,0,0,0,1,1,0,1,0,1,1
1,0,1,1,1,0,1,1,0,1,1,0
1,1,0,0,0,0,0,0,0,0,0,0
1,1,1,0,0,0,0,1,0,0,0,0
1,0,1,0,0,0,0,0,0,0,0,0
1,1,0,0,0,0,0,0,0,0,0,0
0,1,0,0,0,1,0,0,0,0,0,0
1,1,1,0,0,0,0,0,0,0,0,0
1,1,1,0,0,0,0,0,0,0,0,0
1,1,1,0,0,0,0,0,0,0,0,0
1,0,0,0,0,1,0,1,1,0,1,1
1,1,0,0,0,0,0,0,0,0,0,0
0,1,0,0,0,0,0,0,0,0,0,0
1,1,0,1,1,0,0,0,0,0,0,0
0,0,0,0,0,1,1,0,0,0,0,0
1,1,0,0,0,0,0,0,0,0,0,0
1,0,1,0,1,0,0,0,0,0,0,0
1,0,1,0,0,0,0,0,0,0,0,0
1,1,0,0,0,0,0,0,0,0,0,0
1,1,1,0,0,0,0,0,0,0,0,0
1,1,0,0,1,1,0,1,0,0,1,0
1,1,0,0,0,1,0,0,0,0,0,0
0,1,0,0,0,0,0,0,0,0,0,0
1,0,0,0,0,0,0,0,0,0,0,0
1,1,1,1,0,0,0,0,0,0,0,0
1,1,1,0,0,0,0,0,0,1,0,0
1,1,0,0,1,0,0,0,0,0,0,0
0,0,0,1,0,0,0,0,1,0,1,0
0,1,0,0,0,0,1,0,1,0,0,0
1,0,1,1,0,0,0,1,0,0,0,0
0,0,0,0,1,1,0,0,1,0,0,0
1,0,0,0,0,0,0,0,0,0,0,0
1,1,0,0,0,0,0,0,0,0,0,0
1,0,1,0,0,0,0,1,0,1,0,0
1,1,1,0,0,0,0,0,0,0,0,0
1,1,0,0,0,0,0,0,0,0,0,0
0,1,1,0,0,0,0,0,1,1,0,0
1,0,0,1,0,1,1,0,1,1,1,0
1,1,1,1,1,0,0,0,0,0,0,0
1,0,1,0,0,0,0,0,0,0,1,0
1,1,1,0,0,0,0,0,0,0,0,0
1,1,1,0,0,0,0,0,0,0,0,0
1,1,0,0,0,0,0,0,0,0,0,1
1,1,0,0,1,1,0,0,0,0,0,0
1,1,0,0,0,0,0,0,0,0,0,0
1,0,1,0,0,0,0,0,0,0,0,1
0,0,0,0,0,0,0,0,0,0,0,0
1,1,0,0,0,0,0,0,0,0,0,0
1,1,0,0,1,1,0,0,0,0,0,0
1,1,1,1,0,0,0,0,0,0,0,0
1,1,1,0,0,1,0,1,0,0,0,0
1,1,1,0,0,0,0,0,0,0,0,0
1,1,0,0,0,0,0,0,0,0,0,0
1,1,1,0,0,0,0,0,0,0,0,1
1,1,0,0,0,0,1,1,0,0,0,0
1,0,0,1,0,0,1,0,0,0,0,0
1,0,1,1,1,0,0,1,1,0,0,0
1,1,1,0,0,0,0,0,0,1,0,0
1,1,1,0,1,1,0,1,0,0,1,1
1,1,0,0,0,0,0,0,0,0,1,0
0,0,1,1,0,0,0,1,0,0,0,1
1,1,0,0,0,0,0,0,0,0,0,0
1,1,1,0,0,0,0,0,0,1,0,0
0,1,0,0,0,1,0,0,0,0,0,0
1,0,1,1,0,0,0,0,1,1,0,0
1,1,1,0,0,0,0,0,0,1,0,0
1,1,1,0,0,0,0,0,0,0,0,0
1,1,0,1,0,0,0,0,0,0,0,0
1,1,1,1,0,0,0,0,0,0,1,0
1,1,1,0,0,0,0,0,0,0,0,0
1,0,0,1,0,0,1,0,0,0,0,1
1,1,1,1,0,0,0,0,0,0,0,0
1,1,0,0,0,0,0,0,0,0,0,0
0,0,1,0,0,0,0,0,0,0,0,0
0,1,0,0,1,1,0,0,1,0,1,1
0,0,1,0,1,0,0,0,0,0,0,0
1,0,0,0,0,0,0,0,0,0,0,0
1,1,1,0,0,0,0,0,0,1,0,0
0,0,0,0,0,0,0,0,0,0,0,0
1,0,0,1,0,1,1,0,1,0,0,1
1,0,0,0,0,0,0,0,0,0,0,0
1,1,0,0,1,0,0,0,0,0,0,0
0,0,0,1,0,0,1,0,1,0,1,1
1,1,0,0,0,0,0,0,0,1,0,0
0,0,0,1,1,1,1,0,1,0,0,1
1,0,1,0,0,0,0,0,0,0,0,0
0,1,0,0,0,0,0,0,0,0,0,0
1,0,1,0,0,0,0,1,0,0,0,0
1,0,0,1,0,0,1,0,1,0,1,0
1,1,0,0,1,0,0,0,0,0,0,0
1,1,0,0,0,0,0,0,0,0,0,0
0,1,0,0,1,1,1,0,1,0,0,0
1,1,0,0,0,0,0,0,0,0,0,0
1,0,0,0,0,1,0,0,0,0,0,0
1,0,0,1,1,0,0,0,0,0,0,0
0,1,1,0,1,0,0,0,0,1,0,0
1,1,0,0,0,0,0,0,0,0,0,0
0,0,0,0,0,1,0,0,1,1,0,0
1,1,0,0,1,0,0,0,0,0,0,0
1,0,0,0,1,0,0,0,1,0,1,1
1,0,1,0,0,1,0,0,0,1,0,0
0,1,0,0,0,0,0,0,1,1,0,0
1,1,0,0,0,0,0,0,0,0,0,0
1,1,0,0,1,0,0,0,0,0,0,0
1,1,1,0,0,0,0,0,0,0,0,0
0,1,0,0,0,0,0,0,0,0,0,0
1,0,0,1,0,0,1,0,0,0,1,0
0,1,0,0,0,1,0,0,1,0,0,0
1,0,1,1,1,0,0,0,0,0,0,0
1,1,0,0,0,0,0,0,0,0,0,0
0,1,1,0,0,0,0,0,0,1,0,0
1,1,0,0,0,0,0,0,0,0,0,0
0,1,1,0,0,0,0,0,0,0,0,0
0,0,0,1,0,1,1,0,1,1,1,1
0,0,1,1,0,0,0,0,0,1,0,0
1,0,1,1,0,0,0,0,0,0,0,0
1,1,1,0,0,0,0,0,0,0,0,0
1,0,1,1,1,0,0,0,0,0,0,0
1,1,1,0,1,0,0,1,0,0,0,0
1,0,0,1,0,0,1,1,0,0,0,0
1,1,1,0,0,0,0,0,0,0,0,0
1,1,0,0,0,0,0,0,0,0,0,0
1,0,0,0,0,0,0,0,0,0,0,0
1,1,0,0,0,0,0,0,0,0,0,0
1,1,1,0,1,0,0,0,0,0,0,0
1,0,1,0,0,0,0,0,0,0,0,0
1,1,0,0,0,0,0,0,0,0,0,0
1,0,0,0,0,1,1,0,0,1,1,1
1,1,0,0,0,0,0,0,0,1,0,0
1,1,0,0,0,0,0,0,0,0,0,0
0,1,0,0,0,0,0,0,0,0,0,0
1,0,0,0,0,1,1,1,1,0,0,1
0,1,0,0,0,1,0,0,1,0,0,0
0,0,1,0,0,0,0,0,0,0,0,0
0,1,1,0,0,0,0,0,0,0,0,0
1,1,0,0,0,0,0,0,0,0,0,0
0,1,0,0,0,0,0,0,0,0,0,0
1,1,0,0,0,0,0,0,0,1,0,0
1,1,0,0,0,0,0,0,0,0,0,0
1,1,0,0,0,0,0,0,0,1,0,0
1,1,0,0,0,0,0,0,0,0,0,0
1,1,0,0,0,0,0,0,0,0,0,0
0,1,0,0,0,0,0,0,0,0,0,0
0,0,0,0,0,0,0,0,0,1,0,0
0,0,1,0,0,0,0,0,0,0,0,0
1,1,1,0,0,0,0,0,0,0,0,0
1,1,1,1,0,0,0,0,0,0,0,0
0,1,0,0,1,0,0,0,0,0,0,0
1,1,0,0,0,0,0,0,0,0,0,0
1,1,1,0,0,0,0,0,0,0,0,0
1,1,1,1,0,0,0,0,0,0,0,0
1,1,0,0,0,0,0,0,0,0,0,0
1,1,1,0,0,0,0,0,0,0,0,0
1,1,0,0,0,0,0,0,0,0,0,0
1,1,0,0,0,0,0,0,0,0,0,0
1,1,0,0,0,0,0,0,0,0,0,0
1,0,1,1,0,0,0,0,0,0,0,0
1,1,1,0,0,0,0,0,0,1,0,0
1,1,1,0,0,0,0,0,0,0,1,0
1,1,0,1,0,0,0,0,0,0,0,0
0,0,1,1,0,0,1,0,1,0,1,0
1,1,0,1,0,1,0,0,0,0,0,1
0,1,0,0,0,1,0,0,0,0,0,0
1,0,1,0,0,0,0,0,0,0,0,0
0,1,0,0,0,0,0,0,0,0,0,0
0,1,1,0,0,0,0,0,0,0,0,0
0,1,0,0,0,0,0,0,0,0,0,0
0,1,0,0,0,1,0,0,0,0,0,0
0,1,0,1,1,1,0,1,1,0,1,0
1,1,1,0,0,0,0,0,0,0,0,0
1,0,0,0,1,0,1,0,0,0,1,0
0,1,1,0,0,1,1,0,0,0,1,0
0,0,0,1,0,0,0,1,1,1,1,1
1,0,0,0,0,0,1,0,0,0,1,0
1,1,0,0,0,0,0,0,0,0,0,0
0,0,0,0,0,0,0,0,0,0,0,0
1,1,0,0,0,0,0,0,0,0,0,0
1,1,0,0,0,0,0,0,0,0,0,0
1,1,0,0,0,0,0,0,0,0,0,0
1,1,0,1,0,0,0,0,0,1,0,0
1,1,0,1,0,1,0,0,0,0,0,0
1,0,1,1,0,0,0,0,0,0,0,0
0,1,0,1,1,0,0,0,0,0,0,0
1,0,1,0,0,0,0,0,0,1,0,0
0,1,0,0,0,0,0,0,0,0,0,0
1,1,0,0,0,0,0,0,0,0,0,0
1,1,0,0,0,0,0,0,0,0,0,0
0,1,0,0,0,0,0,0,0,1,0,0
1,1,0,0,1,0,0,0,0,0,0,0
1,1,0,0,1,0,0,0,0,0,0,0
1,1,0,0,0,1,0,0,0,0,0,0
1,0,1,0,0,0,0,1,0,0,0,0
1,1,1,1,1,0,1,1,0,0,0,0
0,0,0,0,0,1,1,0,1,0,0,0
1,1,1,0,0,0,0,0,0,0,0,0
1,1,1,0,0,0,0,0,0,0,0,0
1,0,0,0,0,0,0,0,0,0,0,0
1,1,0,0,1,0,1,1,0,0,1,0
1,1,1,0,0,0,0,0,0,0,0,0
0,0,0,1,0,0,1,1,1,0,1,1
1,1,0,0,0,0,0,0,1,0,0,0
1,0,1,1,0,0,0,0,0,0,0,0
1,1,1,0,1,0,0,0,0,0,0,0
1,1,0,0,0,0,0,0,0,0,0,0
1,1,0,0,0,0,0,0,0,0,0,0
1,1,0,0,0,0,0,0,0,0,0,0
0,0,1,1,0,0,1,0,1,0,0,1
0,0,1,0,0,0,1,1,1,0,1,0
1,1,0,0,0,0,0,0,0,0,0,0
1,1,1,1,0,0,0,0,0,0,0,0
0,0,0,1,0,1,0,0,1,1,1,1
0,1,0,0,0,1,0,0,1,0,0,1
1,1,0,0,0,0,0,0,0,0,0,0
1,1,1,0,0,0,0,0,0,1,0,0
0,0,0,0,0,1,1,1,1,0,1,1
1,1,0,0,1,1,1,0,0,0,1,1
0,0,0,1,0,1,0,0,1,0,1,1
1,1,0,0,0,0,0,0,0,0,0,0
1,1,0,0,0,0,0,0,0,0,0,0
1,1,0,0,0,0,0,0,0,0,0,0
0,0,0,1,0,1,1,0,1,0,1,0
1,1,1,0,0,0,0,0,0,0,0,0
1,0,0,0,1,0,0,0,1,0,1,0
1,1,1,0,0,0,0,0,0,0,0,0
1,0,1,0,0,0,1,0,1,0,0,0
0,0,1,0,0,0,0,0,0,0,0,0
1,0,0,0,0,0,0,0,0,0,1,0
0,0,0,1,0,1,1,1,1,0,0,1
0,0,0,0,0,1,0,1,1,0,0,1
1,1,0,0,0,0,0,0,0,0,0,0
1,1,1,0,0,0,0,0,0,0,0,0
1,1,0,0,0,0,1,0,1,0,1,1
1,1,0,0,0,0,1,0,0,0,0,0
1,1,0,0,0,0,0,1,0,0,0,0
1,0,1,0,0,0,1,1,0,0,0,0
1,1,0,0,0,0,0,0,0,0,0,0
0,1,0,1,0,1,1,0,1,0,0,0
1,0,1,1,0,0,0,0,0,0,0,0
1,1,0,0,1,0,1,0,0,0,0,0
1,1,1,0,1,0,0,0,0,0,0,0
1,1,1,0,0,0,0,0,0,1,0,0
1,0,1,0,0,0,0,0,0,0,0,0
0,1,0,0,0,0,1,0,0,0,1,0
1,1,1,0,0,0,0,1,0,0,0,0
0,1,0,0,0,0,0,0,0,0,0,0
1,0,0,0,0,0,0,1,0,0,0,0
0,1,0,1,0,0,0,0,0,0,0,0
1,0,1,1,0,0,0,0,0,0,0,0
0,1,1,0,0,0,0,0,0,0,1,0
1,1,1,1,1,0,0,1,0,0,0,0
1,1,0,0,0,0,0,0,0,0,0,0
0,1,0,0,0,0,0,0,0,0,0,0
0,0,0,0,0,0,1,0,1,0,0,0
0,1,0,0,0,0,0,0,0,0,0,0
1,1,1,0,0,0,0,0,0,0,0,0
1,0,1,1,0,0,0,0,0,0,0,0
0,0,0,0,0,0,0,0,0,0,0,0
1,1,1,0,1,0,0,0,0,0,0,0
1,0,1,1,0,0,0,0,0,0,0,0
0,0,1,0,1,0,0,0,0,0,0,0
1,1,0,0,0,0,0,0,0,0,0,0
1,1,0,0,0,0,0,0,0,0,0,0
1,0,0,1,1,0,0,0,0,0,1,0
0,0,0,0,0,1,1,1,1,0,0,0
0,1,0,1,0,0,0,0,0,0,0,0
1,1,1,0,0,0,1,1,0,0,1,0
1,1,0,0,0,0,1,0,0,0,0,0
0,1,1,0,0,0,0,0,0,1,0,0
1,0,1,1,1,0,0,0,0,0,0,0
1,1,0,0,0,1,0,0,0,0,0,0
1,1,1,0,0,0,0,0,0,1,0,0
0,0,0,0,1,1,0,1,1,0,1,0
1,1,0,1,1,0,0,0,0,0,1,1
1,1,0,0,0,0,0,0,0,0,0,0
1,1,1,0,0,0,0,0,0,0,0,0
1,0,1,1,1,0,0,0,0,0,0,0
1,1,1,1,0,0,0,0,0,0,0,0
1,0,1,1,0,0,0,0,0,0,0,0
1,0,1,1,0,0,1,0,0,0,1,1
1,1,0,0,1,0,0,0,0,0,0,1
1,1,1,0,1,0,0,1,0,0,0,0
1,1,1,0,0,0,0,0,0,0,0,0
1,1,0,0,0,0,0,0,0,0,0,0
1,1,0,0,1,0,0,0,0,0,0,0
0,0,0,0,0,0,0,1,0,0,1,0
1,1,0,0,0,0,0,0,0,0,0,0
0,1,1,1,0,0,0,0,0,1,0,0
1,1,0,0,0,0,0,0,0,0,0,0
0,1,0,0,1,0,0,1,0,0,1,0
0,0,1,0,0,0,0,0,0,0,0,0
0,0,0,1,0,0,1,0,1,0,1,0
0,1,0,0,0,0,0,0,1,1,0,0
0,1,0,0,0,0,0,0,0,0,0,0
1,1,0,0,0,0,0,0,0,0,0,0
0,0,0,0,1,1,0,1,0,0,0,0
1,0,0,0,0,0,0,0,0,0,0,0
1,1,1,0,0,0,0,0,0,0,0,1
1,1,0,0,0,0,0,1,0,0,0,0
1,0,0,0,1,0,0,1,1,0,0,0
1,0,1,1,0,0,0,1,0,1,0,1
1,1,1,0,0,0,0,0,0,0,0,0
0,1,0,0,1,1,1,1,1,0,1,0
1,1,0,0,0,0,0,0,0,0,0,1
0,0,0,0,1,1,0,0,1,0,1,0
1,1,0,0,0,0,0,0,0,0,0,0
1,1,0,1,0,0,0,0,0,0,0,0
1,1,0,1,0,0,0,0,0,0,0,0
1,1,0,0,0,0,0,0,0,0,0,0
0,1,1,0,0,1,0,0,0,0,0,0
0,0,1,0,0,0,0,0,0,0,0,0
0,1,0,0,0,1,0,0,1,0,0,0
1,1,0,0,0,0,0,0,0,0,0,0
1,0,1,1,0,0,0,1,0,0,0,0
1,1,0,1,0,0,1,1,0,0,1,1
0,1,1,0,0,0,0,0,0,0,0,0
1,0,0,1,0,0,0,1,0,0,0,0
1,1,0,0,0,0,0,0,0,0,0,0
0,1,0,0,0,0,0,0,0,0,1,0
0,1,1,0,0,0,0,0,0,0,0,0
1,0,0,0,1,0,1,0,1,0,1,0
1,0,1,1,0,0,0,1,0,0,0,0
0,0,0,0,0,1,0,1,1,0,1,0
1,1,0,0,0,0,0,0,0,0,0,0
1,1,0,1,0,1,0,0,0,0,0,0
1,1,1,1,0,0,0,0,0,0,0,0
1,1,1,0,0,0,0,0,0,0,0,0
1,1,1,0,0,0,0,1,0,1,0,0
0,0,0,0,1,1,0,0,1,0,0,1
0,1,1,0,0,0,0,0,0,0,0,0
0,1,0,0,0,0,0,0,0,0,0,0
1,1,1,1,0,0,0,0,0,0,0,0
1,1,1,0,0,0,1,0,0,1,0,0
1,1,1,0,0,0,0,0,0,0,0,0
0,1,0,0,0,0,0,0,1,0,0,0
1,1,0,0,0,0,0,0,0,0,0,0
1,1,0,0,0,0,0,0,0,0,0,0
1,1,1,0,0,0,0,0,0,0,0,0
1,0,1,0,0,0,1,1,0,0,0,0
1,1,0,0,0,0,0,0,0,0,0,0
0,0,0,0,0,0,0,0,0,0,0,0
1,1,0,1,0,0,0,0,0,0,0,0
1,1,1,1,0,0,0,0,0,1,0,0
1,0,0,1,0,0,0,0,0,0,0,0
0,0,1,1,0,0,0,0,0,0,0,0
1,1,0,0,0,0,0,0,0,0,0,0
0,1,0,0,0,0,0,0,0,0,0,0
1,1,1,0,0,0,0,0,0,0,0,0
1,1,0,1,0,0,0,0,0,0,0,0
1,1,1,1,1,0,1,0,0,0,0,1
1,1,1,0,0,0,0,0,0,0,0,0
0,1,0,0,0,1,0,0,0,0,1,0
0,1,1,0,0,0,0,1,0,0,0,0
1,0,1,0,0,0,0,0,0,0,0,0
1,1,0,0,0,0,0,0,0,0,0,0
1,1,1,0,0,0,1,0,0,0,0,0
0,1,0,0,0,1,0,0,0,0,0,1
1,0,0,1,0,0,1,0,0,1,1,1
1,0,1,1,0,0,0,0,0,0,0,0
1,1,0,0,1,0,0,0,0,0,0,0
1,1,0,0,0,0,0,1,0,0,0,0
1,1,1,0,0,0,0,0,0,0,0,0
1,0,0,0,0,0,0,0,0,0,0,0
0,1,0,0,0,0,0,0,0,0,0,0
1,0,1,1,0,0,0,1,0,0,1,1
1,1,1,1,0,0,0,1,0,0,0,0
1,1,1,0,1,0,0,0,0,1,0,0
1,0,0,0,0,1,0,0,0,1,0,0
0,0,0,0,0,0,0,0,1,0,0,0
1,1,0,1,0,0,0,0,0,0,0,0
1,0,1,1,1,0,0,1,0,0,0,0
1,1,0,0,0,1,0,0,0,1,0,0
1,1,1,1,1,0,1,0,0,1,0,0
1,0,1,1,0,0,0,1,0,0,0,0
0,1,0,0,0,1,1,0,1,0,0,0
1,1,1,0,0,0,0,0,0,1,0,0
0,1,0,0,0,1,0,0,0,1,0,0
1,1,0,0,0,0,0,0,0,0,0,0
1,1,1,0,0,0,0,0,0,0,0,0
1,1,0,0,0,0,0,0,0,0,0,0
1,1,1,0,0,0,0,0,0,0,0,0
1,1,1,0,0,0,0,0,0,0,0,0
1,0,1,1,0,0,1,0,0,0,1,0
1,1,0,1,0,0,0,0,0,0,0,0
1,1,1,0,0,0,0,0,0,0,0,0
1,1,1,1,0,0,0,0,0,0,0,0
0,1,1,0,0,0,0,0,0,1,0,0
1,1,0,1,0,1,0,0,0,0,0,0
1,1,1,1,0,0,0,0,0,0,0,0
1,1,0,0,0,0,0,0,0,0,0,0
1,1,1,0,0,0,0,0,0,0,0,0
1,0,1,0,0,0,0,1,0,0,0,0
1,0,0,0,0,1,0,0,0,0,0,0
1,0,1,1,1,0,0,0,0,0,0,0
0,1,0,0,0,0,0,0,0,0,0,0
1,0,1,1,1,0,0,1,0,0,0,0
0,0,0,1,1,1,1,1,1,0,1,0
1,1,0,0,0,0,0,0,0,0,0,0
1,1,0,0,0,0,0,0,0,0,0,0
1,1,0,0,0,0,0,0,0,0,0,0
1,1,0,0,0,0,0,0,0,0,0,0
1,1,1,0,0,0,0,0,0,0,0,0
0,1,0,0,0,1,0,0,1,0,0,0
1,1,0,0,0,0,0,0,0,0,0,0
1,1,1,1,0,0,0,1,0,0,0,0
1,0,0,0,0,0,0,0,0,0,0,0
1,0,1,0,0,0,0,0,0,0,0,0
1,1,1,0,0,0,0,0,0,0,0,0
1,1,0,0,0,0,0,0,0,0,0,0
1,0,1,0,0,0,0,0,0,0,0,0
0,0,1,0,0,0,0,0,1,0,0,0
1,1,1,0,0,0,0,0,0,0,0,0
1,1,1,0,1,0,0,0,0,0,0,0
1,0,0,0,0,0,1,0,0,0,0,0
0,0,1,0,0,0,0,0,0,0,0,0
0,1,1,0,1,0,0,0,0,0,0,0
1,1,1,1,0,0,0,0,0,0,0,0
1,0,0,0,0,0,0,0,0,0,0,0
1,1,0,1,0,0,0,0,0,0,0,0
1,1,0,0,0,0,0,0,0,0,0,0
0,1,0,0,0,0,0,0,0,0,0,0
1,0,0,0,0,0,0,0,0,1,0,0
1,0,1,1,0,0,0,1,0,0,1,0
1,1,1,1,0,0,0,0,0,0,0,0
1,1,0,0,0,0,0,0,0,0,0,0
1,1,0,1,0,0,0,0,0,0,0,0
1,1,0,0,0,0,0,0,0,1,0,0
1,0,1,1,0,0,0,0,0,0,0,0
0,1,0,0,0,0,0,0,0,0,0,0
1,0,1,1,1,0,1,0,1,0,1,1
1,1,0,0,1,0,0,0,0,0,0,0
1,1,1,0,0,0,0,0,0,0,0,0
1,1,0,1,0,0,1,0,0,0,0,0
0,1,0,1,0,1,0,0,1,0,0,1
0,0,0,0,0,1,0,0,1,1,0,0
1,1,0,0,0,0,0,1,0,0,0,0
1,1,1,0,0,0,0,0,0,0,0,0
0,1,0,0,0,0,1,0,0,0,0,0
1,1,0,0,0,0,0,0,0,0,0,1
1,1,1,1,0,0,0,0,0,0,0,0
1,1,0,0,0,0,0,0,0,0,0,0
0,0,0,0,0,0,0,0,0,0,0,0
0,1,0,0,0,0,0,0,0,0,0,0
0,1,0,0,0,1,0,0,0,0,0,0
1,1,0,0,0,0,0,0,0,0,0,0
0,0,0,0,0,1,0,1,1,0,0,1
1,0,0,0,0,0,0,0,0,0,0,0
0,1,0,0,1,0,1,0,0,0,1,1
1,0,1,0,0,0,0,1,0,1,0,0
0,0,0,0,0,1,0,0,1,0,0,0
1,0,1,0,0,1,0,0,0,0,0,0
1,1,1,0,0,0,0,0,0,1,0,0
0,1,0,0,0,0,0,0,0,0,0,0
1,1,0,0,0,0,0,0,0,0,0,0
0,0,0,1,0,1,0,0,1,0,0,0
1,0,1,0,0,0,0,0,0,0,0,0
0,1,1,1,0,0,0,0,1,0,0,0
0,1,1,0,0,0,0,0,0,1,0,0
1,1,1,0,0,0,0,1,0,0,0,0
1,1,0,0,0,0,0,0,0,0,0,0
0,0,1,0,0,0,0,0,0,1,0,0
1,1,1,0,0,0,0,0,0,0,0,0
0,1,0,0,0,0,0,1,0,0,0,0
0,0,0,0,0,1,1,0,1,0,1,0
1,1,0,0,0,0,0,0,0,0,0,1
0,1,0,0,1,1,0,0,0,0,0,0
1,0,1,1,0,0,0,0,0,1,0,0
1,1,0,0,0,0,0,0,0,0,0,0
0,1,1,0,0,0,0,0,0,0,0,0
0,0,0,0,0,1,0,0,0,0,0,0
1,1,0,0,0,0,0,0,0,0,0,0
0,1,0,0,0,0,0,0,0,0,0,0
0,1,0,0,0,1,0,0,1,1,0,0
1,1,0,0,0,0,0,0,0,0,0,1
1,0,1,0,1,0,0,0,0,1,0,0
1,1,0,0,0,0,0,0,0,0,0,0
0,0,0,1,0,0,1,0,0,0,0,0
1,0,0,0,0,0,0,0,0,0,0,0
0,0,0,0,0,1,1,1,0,0,1,1
0,1,0,0,0,0,0,0,0,0,0,0
0,0,0,0,1,1,1,0,1,0,0,0
1,1,0,0,0,0,0,0,0,0,0,0
1,1,0,0,1,0,0,0,0,0,0,0
0,1,1,1,1,0,0,0,0,0,0,0
1,0,1,0,0,0,1,0,0,0,1,0
0,1,0,0,0,1,0,0,0,1,0,0
1,1,0,1,0,0,0,0,0,1,0,0
0,1,1,1,0,0,0,0,0,0,0,0
0,1,0,0,0,0,0,0,0,0,0,0
1,0,1,1,0,0,0,0,0,0,1,0
0,1,0,1,0,1,0,0,0,0,0,0
0,1,0,0,0,0,0,0,0,1,0,0
1,1,0,0,0,0,0,0,0,0,0,0
1,1,1,0,0,0,0,0,0,0,0,1
1,1,0,0,0,0,0,0,0,0,0,0
1,0,1,0,0,1,0,0,0,0,0,0
1,1,1,0,0,0,0,0,0,0,0,0
1,0,1,1,0,0,0,1,0,0,0,0
1,1,0,0,0,0,0,0,0,0,0,0
0,1,1,0,0,0,0,1,0,0,0,0
1,0,1,1,1,0,0,0,1,0,1,0
0,0,0,1,0,1,1,0,1,0,1,0
0,0,0,1,1,1,0,0,1,0,1,1
0,1,0,1,0,1,1,0,1,0,1,0
1,0,1,0,0,0,0,0,0,0,0,0
1,1,1,0,0,0,0,0,0,0,0,0
0,1,0,0,0,1,0,0,0,1,0,0
1,0,1,1,0,0,1,0,0,0,0,1
1,1,1,1,0,0,0,0,0,0,0,0
0,0,1,0,0,0,1,0,0,1,0,0
1,1,0,0,0,0,1,0,0,0,0,0
1,1,0,0,0,0,0,0,0,0,0,0
1,1,1,0,0,0,0,0,0,0,0,0
0,1,0,0,0,0,0,0,0,0,0,0
1,1,0,1,0,0,0,0,0,0,0,0
1,1,1,1,0,0,0,0,0,0,1,0
1,0,1,1,1,0,0,1,0,0,1,0
0,1,1,0,0,0,0,0,1,0,1,0
1,1,0,0,0,0,0,0,0,0,0,0
0,1,0,0,0,0,0,0,0,1,0,0
1,1,0,0,0,0,0,0,0,0,0,0
0,0,1,0,0,0,0,0,0,1,0,0
1,0,0,0,0,1,0,0,1,0,0,0
1,0,0,0,0,0,0,1,0,0,0,0
0,1,0,1,0,0,0,0,0,0,0,0
0,0,0,0,0,0,0,0,0,0,0,0
0,0,1,1,0,0,0,0,0,0,0,0
1,1,0,0,0,0,0,0,0,0,0,0
1,1,0,0,0,0,0,0,0,0,0,0
0,1,0,0,0,0,0,0,0,0,0,0
1,1,1,0,0,0,0,0,0,0,0,0
1,1,0,0,0,0,0,0,0,0,0,0
1,1,0,0,0,0,0,0,0,0,0,0
1,0,1,0,0,1,0,1,0,0,0,0
0,1,0,1,0,0,0,1,0,0,0,0
1,1,0,0,0,0,0,0,0,0,0,0
1,1,1,1,0,0,0,0,0,1,0,0
0,1,0,1,0,1,0,0,0,0,0,0
1,1,0,1,1,0,1,0,0,0,1,0
0,1,0,0,0,0,0,0,0,0,0,0
0,0,1,0,0,0,0,0,0,0,0,0
0,0,0,0,0,0,0,0,0,0,0,0
1,1,1,1,1,0,0,1,0,0,0,0
1,1,1,0,0,0,0,0,0,0,0,0
1,1,0,0,0,0,0,1,0,1,0,0
1,0,1,0,0,0,0,0,0,0,0,0
1,1,1,1,1,0,0,0,0,0,0,0
0,0,0,0,0,0,0,0,0,0,0,0
1,0,0,0,1,0,0,0,0,0,0,0
1,1,1,0,0,0,0,0,0,0,0,0
1,0,0,0,1,0,0,0,0,0,0,0
0,1,1,1,1,0,1,0,0,0,0,1
1,1,1,0,0,0,0,0,0,0,0,0
1,0,0,1,0,0,1,1,0,0,1,0
1,1,0,0,0,0,0,0,0,0,0,0
1,0,0,0,0,0,0,0,0,0,0,0
1,1,1,0,0,0,0,0,0,0,0,0
0,1,0,0,0,0,0,0,0,0,0,0
1,1,1,1,1,0,1,1,0,0,0,1
1,1,0,0,0,0,0,0,0,0,0,0
0,1,0,0,0,0,0,0,0,0,0,0
1,0,1,1,0,0,0,0,0,0,0,0
1,1,0,0,0,0,0,0,0,0,0,0
0,1,1,0,0,0,0,0,0,0,0,0
1,1,1,1,0,0,0,1,0,0,0,0
1,1,1,0,1,0,0,0,0,0,0,0
1,1,0,0,0,0,0,0,0,0,0,1
1,0,1,0,1,0,1,0,0,0,1,0
1,1,1,0,0,0,0,1,0,0,0,0
1,1,0,0,0,0,0,0,0,1,0,0
0,1,0,0,1,1,1,1,1,0,1,0
0,1,0,0,0,0,0,0,0,0,0,0
1,0,0,0,0,0,0,0,0,0,0,0
1,1,0,0,0,0,0,1,0,0,0,0
1,1,0,1,0,0,0,0,1,0,1,0
1,1,1,0,0,0,0,0,0,0,0,0
1,1,0,0,0,0,0,0,0,0,1,0
0,1,0,0,0,0,0,1,0,0,0,0
1,1,0,1,0,0,0,0,0,0,0,0
0,0,0,0,1,1,0,0,1,0,0,0
1,1,0,1,0,0,0,0,0,0,0,0
1,0,1,1,0,0,0,0,0,0,0,0
1,0,1,0,1,0,0,1,1,0,1,0
0,0,0,1,0,0,0,0,1,0,1,0
1,1,0,0,0,0,0,0,0,0,0,0
0,1,0,1,0,1,0,0,1,0,0,0
1,1,1,0,0,0,0,1,0,0,0,0
1,1,1,0,0,0,0,0,0,0,0,0
1,1,0,0,0,0,0,0,0,1,0,0
1,1,0,0,0,0,0,0,0,0,0,0
1,0,1,1,0,0,1,0,0,0,0,0
1,1,0,1,0,0,0,0,0,0,0,0
1,1,1,0,0,0,1,0,0,1,0,0
1,1,1,1,0,0,0,0,0,0,0,0
0,0,0,0,1,0,0,1,1,0,1,0
0,0,0,0,1,1,0,0,1,0,1,0
1,1,1,1,1,0,1,0,1,0,0,0
1,1,0,0,0,0,0,0,0,0,0,0
0,0,1,0,0,1,0,0,0,0,0,0
1,1,1,1,0,0,0,0,0,0,0,0
1,1,0,1,0,0,0,0,0,0,0,0
1,0,0,1,0,1,1,0,0,0,1,1
0,1,0,0,0,1,0,0,0,1,0,0
1,0,0,0,0,0,0,1,0,0,0,0
0,1,1,0,0,0,0,0,0,0,0,0
1,1,1,0,0,0,0,0,0,0,0,0
1,0,0,1,0,0,1,0,1,0,1,0
1,1,0,0,0,0,0,0,0,1,0,0
1,0,0,0,1,0,0,0,1,0,1,0
1,0,1,0,0,0,0,0,0,0,0,0
0,1,0,0,1,0,0,0,0,0,0,0
1,1,0,1,0,0,0,0,0,0,0,0
1,1,0,0,1,0,0,0,0,0,0,0
1,1,0,0,0,0,0,0,0,0,0,0
1,0,1,1,0,0,0,0,0,1,0,1
1,0,1,0,0,0,1,0,0,0,0,0
1,0,0,0,0,0,0,0,0,0,0,0
1,1,1,0,0,0,0,1,0,1,0,0
0,1,0,0,0,0,0,0,0,0,0,0
1,1,1,0,0,0,0,0,0,0,0,0
1,1,1,0,0,0,1,1,0,0,0,0
1,1,1,0,0,0,0,0,0,0,0,0
1,1,1,0,0,0,0,1,0,0,0,0
1,1,1,0,0,0,0,0,0,0,0,0
1,1,1,0,0,0,0,0,0,0,0,1
1,1,0,0,0,0,0,0,0,0,0,0
0,1,0,0,0,0,0,0,0,0,0,0
0,0,0,1,1,0,1,0,0,0,1,1
1,0,0,0,0,0,0,1,0,0,0,0
1,1,1,0,0,0,0,0,0,1,0,0
0,0,0,0,1,1,0,1,1,0,0,0
1,1,0,0,1,0,1,0,0,0,0,0
0,0,1,1,1,0,0,0,0,1,0,0
0,0,1,0,0,0,0,0,0,0,0,0
1,0,1,1,0,0,0,1,0,0,0,0
0,0,1,0,0,0,0,0,0,0,0,0
1,1,1,0,0,0,0,0,0,0,0,0
1,1,0,0,0,0,0,0,0,0,0,0
0,0,0,0,1,1,1,0,1,0,0,1
1,1,0,0,0,0,1,0,0,0,0,0
1,1,0,0,0,0,0,0,0,0,0,0
1,1,0,0,1,0,0,0,0,0,0,0
1,1,0,1,0,0,0,1,0,0,0,0
1,1,1,0,1,0,0,0,0,0,0,0
0,1,0,0,0,0,1,1,1,0,1,1
0,0,0,0,0,1,1,1,1,0,0,0
1,0,1,0,0,0,0,0,0,0,0,0
1,1,1,0,1,0,0,0,0,0,0,0
1,1,0,0,0,0,1,0,0,0,0,0
1,0,1,1,0,0,0,0,0,0,0,1
1,1,0,0,0,0,0,0,0,0,0,0
0,0,0,1,0,0,1,0,1,0,1,1
1,0,0,0,0,0,0,0,0,0,0,0
1,0,1,0,1,0,0,0,0,0,0,0
1,1,0,0,1,1,0,0,0,0,0,0
0,0,0,0,0,1,1,0,1,0,1,0
1,0,0,1,0,1,0,0,0,0,1,0
1,0,1,1,0,0,0,0,0,1,0,0
1,1,0,0,0,0,1,0,0,0,0,0
1,1,0,0,0,0,0,0,0,0,0,0
1,1,0,0,1,1,0,0,0,0,0,0
1,1,1,0,0,0,0,0,0,0,0,0
1,0,1,0,0,0,0,1,0,0,0,0
0,1,0,0,0,0,1,0,1,0,1,1
1,1,0,0,0,0,0,0,0,0,0,0
1,1,0,0,0,0,0,0,0,0,0,0
1,1,0,0,0,0,0,0,0,0,1,0
1,1,1,1,0,0,0,0,0,0,0,0
0,0,0,0,1,0,1,0,1,0,1,0
1,0,1,1,0,0,0,0,0,0,0,0
0,0,1,1,0,0,0,0,0,1,0,0
1,1,1,0,0,0,0,0,0,0,0,0
1,1,1,0,0,0,0,0,0,0,1,0
1,1,1,0,0,0,0,0,0,0,0,0
1,1,1,1,1,0,0,0,0,0,0,0
1,0,1,0,0,0,0,0,0,0,0,0
1,0,0,1,0,0,1,1,0,0,0,1
0,0,0,1,1,1,1,0,1,0,0,1
1,0,0,0,0,0,0,0,1,0,0,0
1,1,0,0,0,0,1,0,0,0,0,0
1,1,1,0,1,0,0,0,0,0,0,0
1,0,1,1,0,0,0,0,0,0,0,0
1,1,0,0,0,0,0,0,0,0,0,0
1,1,1,0,0,0,0,0,0,0,0,0
1,0,1,1,0,0,0,0,1,0,1,1
1,1,0,0,0,0,0,0,0,0,0,0
1,1,0,0,0,0,0,0,0,0,0,0
1,0,0,1,1,1,1,1,0,0,0,0
1,0,0,1,1,1,0,0,0,0,0,0
1,1,0,0,0,0,0,0,0,0,0,0
0,1,0,0,0,0,0,0,0,0,0,0
0,1,0,1,1,1,0,1,0,0,0,0
0,1,0,0,0,0,0,0,0,0,0,0
1,0,1,1,0,0,0,1,0,0,0,0
0,1,1,0,0,0,0,0,0,1,0,0
0,1,0,0,0,0,0,0,0,0,0,0
1,1,0,0,0,0,0,0,0,0,0,0
1,1,0,0,0,0,0,0,0,0,0,0
0,0,0,0,0,1,0,0,0,0,0,0
1,1,1,0,0,0,0,0,0,0,0,0
1,0,1,1,0,0,0,0,0,0,1,0
1,1,0,0,0,0,1,0,1,0,1,1
1,1,1,0,0,0,0,0,0,0,0,0
1,1,0,1,1,0,1,0,0,0,0,0
0,1,0,0,0,1,0,0,0,0,0,0
0,1,0,0,0,0,0,0,1,1,0,0
0,1,0,0,1,1,0,0,1,0,0,0
1,0,1,1,0,0,1,0,0,0,0,1
1,1,0,0,0,0,0,0,0,0,0,0
1,0,1,0,0,0,0,0,0,0,0,1
1,0,0,0,0,0,0,0,0,0,0,0
0,1,0,0,0,1,1,0,0,0,0,0
1,1,0,0,0,0,0,0,0,0,0,0
1,1,0,0,0,0,0,0,0,0,0,0
1,1,0,0,0,0,0,0,0,0,0,0
0,1,0,0,0,0,0,0,0,0,0,0
0,1,0,0,0,1,0,0,0,0,0,0
0,1,0,0,0,0,1,0,0,0,0,0
1,1,1,0,0,0,0,1,0,1,0,0
1,1,1,0,1,0,0,0,0,1,0,0
1,1,1,0,0,0,0,0,0,1,0,0
1,1,0,0,0,0,0,0,0,0,0,1
1,0,1,1,0,0,0,0,0,0,0,0
1,1,1,0,0,0,0,0,0,0,0,0
1,1,0,0,1,1,0,0,0,0,0,0
1,1,1,0,1,0,0,0,0,0,0,0
1,1,1,0,0,0,0,0,0,0,0,0
0,1,0,0,0,1,0,0,0,0,0,0
1,0,0,0,0,0,0,0,0,0,0,0
1,0,0,1,0,1,0,1,1,0,0,0
1,1,1,0,0,0,0,0,0,0,0,0
1,1,0,0,0,0,0,0,0,0,0,1
1,1,0,0,0,0,0,0,0,0,0,0
1,1,0,0,0,0,0,0,0,0,0,0
0,1,0,1,0,0,0,0,0,0,0,0
1,1,1,1,0,0,0,0,0,0,0,0
0,0,0,1,0,1,1,0,1,0,1,0
1,1,0,1,0,0,1,0,0,0,0,0
1,0,0,0,1,0,0,1,0,0,0,0
1,1,0,0,0,0,0,0,0,0,0,0
0,1,0,0,0,1,0,0,0,0,0,0
0,1,0,0,0,0,0,0,0,0,0,0
1,1,1,1,0,0,0,0,0,1,0,0
1,1,1,0,0,0,0,0,0,1,0,0
1,1,0,0,0,0,0,0,0,0,0,0
1,0,1,0,0,0,0,0,0,0,0,0
1,1,0,0,0,0,0,0,0,0,0,0
1,0,1,1,0,0,0,0,1,0,0,0
0,1,0,0,0,0,0,0,0,0,0,0
1,0,1,0,0,0,0,0,0,1,0,0
1,1,1,0,0,0,0,0,0,0,0,0
1,1,1,0,0,0,0,0,0,0,0,0
1,1,1,0,0,0,0,0,0,0,0,0
0,0,1,0,0,0,0,0,0,1,0,0
1,1,0,1,0,1,0,0,0,0,0,0
1,1,1,0,0,0,0,0,0,0,0,0
1,1,0,0,0,0,0,0,0,0,0,0
1,1,0,0,0,0,0,1,0,0,0,0
0,1,1,1,0,0,0,0,0,0,0,0
1,1,1,0,0,0,0,1,0,0,0,0
1,1,1,0,0,0,0,0,0,0,0,0
1,0,1,0,0,0,0,0,0,0,0,0
0,0,0,0,0,0,0,0,0,1,0,0
1,1,0,0,0,0,0,0,0,0,0,0
0,0,0,1,1,0,0,0,1,0,1,1
1,1,0,0,0,0,0,0,0,0,0,0
1,0,0,0,0,0,0,0,0,0,0,0
0,1,0,0,0,0,0,0,0,0,0,0
1,0,1,1,0,0,0,0,0,1,0,0
1,1,1,0,0,0,0,0,0,0,0,0
1,1,1,0,0,0,0,0,0,0,0,0
1,1,0,0,0,0,0,0,0,0,0,0
0,1,0,0,0,0,0,0,0,0,0,0
1,0,1,1,0,0,0,0,0,0,0,0
1,1,0,0,0,1,0,0,0,0,0,1
1,1,1,0,0,0,0,0,0,0,0,0
0,0,0,0,0,0,1,1,1,0,0,0
1,0,1,0,0,0,1,0,0,0,0,0
1,1,0,0,0,0,0,0,0,0,0,0
1,1,0,1,0,0,0,0,0,0,0,0
0,0,0,0,0,0,0,0,0,0,0,0
1,1,0,0,0,0,0,0,0,0,0,0
1,0,1,0,0,0,1,0,0,0,1,0
1,1,1,0,0,0,0,0,0,0,0,0
0,1,0,0,0,1,0,0,0,0,0,0
0,1,0,0,0,0,0,0,0,0,0,0
0,0,0,1,0,0,0,0,1,0,1,1
0,1,0,0,0,0,0,0,0,0,0,0
1,1,1,0,0,0,0,1,0,0,0,0
0,0,1,1,0,0,0,0,0,1,0,0
1,0,0,0,0,0,0,0,0,0,0,0
1,1,1,0,0,0,0,0,0,0,0,0
1,0,0,1,1,1,0,1,1,0,0,0
1,0,1,1,0,0,1,0,0,0,0,0
1,0,1,1,0,0,0,1,0,0,0,0
1,1,0,0,0,0,0,0,0,0,0,0
0,1,0,0,0,0,0,0,0,0,0,0
1,1,1,0,0,0,0,0,0,0,0,0
1,0,1,0,0,0,0,0,0,0,0,0
1,1,0,0,0,1,0,0,0,0,0,0
1,0,1,1,0,0,0,0,0,0,0,0
1,1,1,0,0,0,0,0,0,0,0,0
0,0,0,0,0,0,1,0,1,1,1,0
0,0,1,0,0,0,0,1,1,0,0,1
1,0,0,1,1,0,0,0,0,0,0,0
1,0,0,0,1,0,0,1,0,0,0,0
1,1,0,1,0,0,0,0,1,0,0,0
1,1,0,0,1,0,0,0,0,0,0,0
0,1,0,0,0,1,0,0,0,1,0,0
1,0,1,1,0,0,0,1,0,0,0,0
1,0,0,0,1,0,1,0,1,1,0,0
1,1,0,0,0,0,1,0,0,0,0,0
1,1,0,0,0,1,0,0,0,1,0,0
0,1,0,0,0,0,0,0,0,0,0,0
1,1,1,0,0,0,0,0,0,0,0,0
1,1,1,0,1,0,0,1,0,0,0,0
1,1,0,0,0,0,0,0,0,0,0,0
1,1,1,0,0,0,0,0,0,0,0,0
1,1,1,0,0,0,0,0,0,0,0,0
1,1,1,0,0,0,0,0,0,0,0,0
0,1,0,1,1,0,0,0,1,0,1,1
1,1,1,0,1,0,1,0,0,0,0,0
1,1,1,0,1,0,1,0,0,0,0,0
1,1,0,0,0,0,0,0,0,1,0,0
1,0,0,0,0,0,0,0,0,0,0,0
0,1,0,0,0,0,0,0,0,0,0,0
0,0,1,0,0,0,0,0,0,0,0,0
0,1,0,1,0,1,1,0,1,0,1,1
1,1,0,0,0,0,0,0,0,1,0,0
1,1,0,0,0,1,0,0,0,0,0,0
1,1,0,0,0,0,0,0,0,0,0,0
0,0,0,0,0,1,0,0,0,0,0,0
1,1,0,1,0,0,0,0,0,0,0,0
1,0,1,0,0,0,0,0,0,0,0,0
1,1,1,0,1,0,0,1,0,0,0,0
0,0,1,0,0,0,0,0,0,1,0,0
1,1,0,0,0,0,0,0,0,0,0,0
1,0,1,1,0,0,1,1,0,0,0,0
1,1,1,1,1,0,0,1,0,0,0,0
1,0,1,0,0,0,0,0,0,0,0,0
0,1,0,0,0,0,0,0,0,0,0,0
1,1,0,0,0,0,0,0,0,0,0,1
1,0,0,1,0,0,0,0,0,0,0,0
1,1,0,0,0,0,0,1,0,0,0,0
1,1,1,0,0,0,1,0,0,0,0,0
0,1,0,0,0,0,0,0,0,0,0,0
0,1,0,0,0,0,1,0,0,0,0,0
1,1,0,1,0,0,1,0,1,0,0,0
0,1,0,0,0,0,0,0,0,0,0,0
1,1,0,1,0,0,0,0,0,0,0,0
1,1,0,0,0,0,0,0,0,0,0,0
1,1,0,0,1,0,0,0,0,0,0,0
0,0,1,0,0,1,0,1,1,1,1,1
1,1,0,0,1,0,0,0,0,1,0,0
1,1,0,1,1,1,0,0,0,0,0,0
0,0,1,1,0,0,1,0,0,0,1,1
1,0,1,0,0,0,0,1,0,1,0,0
1,1,1,0,0,0,0,1,0,1,0,0
1,0,1,0,1,0,0,0,0,0,1,1
0,1,0,0,0,1,0,1,1,1,1,0
1,1,0,0,0,0,0,0,0,0,0,0
1,0,0,0,0,0,0,0,1,0,1,1
1,1,0,0,0,0,0,0,0,0,0,0
0,1,0,0,1,1,0,0,1,0,1,1
1,0,0,1,0,0,0,0,0,0,1,0
1,1,0,1,0,0,0,0,0,0,0,0
0,1,0,0,0,0,0,0,0,0,0,0
0,1,0,1,0,0,1,0,1,0,1,1
1,1,0,0,0,0,1,0,0,0,0,0
1,1,1,0,0,0,0,0,0,0,0,0
1,1,1,0,0,0,0,0,0,0,0,0
1,0,0,0,0,0,0,0,0,0,0,0
1,1,1,0,0,0,0,0,0,0,0,0
0,1,1,1,0,0,0,0,0,0,0,0
0,0,1,1,0,0,0,0,0,0,0,0
1,0,1,0,1,0,0,1,0,1,0,0
1,1,0,0,0,0,0,0,0,0,0,0
1,1,0,0,0,0,0,0,0,0,0,0
1,0,0,0,0,0,0,0,0,0,0,0
1,1,0,0,0,0,0,0,0,0,0,0
1,0,1,0,0,0,0,0,0,0,0,0
1,1,1,0,0,0,0,1,0,0,0,0
1,0,1,1,1,0,0,0,0,1,1,0
0,1,0,0,0,1,0,0,0,1,0,0
1,1,0,0,0,0,0,0,0,0,0,0
1,1,1,0,0,0,0,0,0,1,0,0
0,1,0,0,0,0,0,0,0,0,0,0
1,0,0,0,0,1,0,0,0,0,0,0
0,1,1,0,0,0,0,0,0,0,0,0
1,0,0,0,0,0,0,0,1,1,0,1
0,0,0,0,0,0,0,0,0,0,0,0
1,0,1,0,0,0,0,0,0,0,0,0
0,1,0,0,0,0,0,0,0,0,0,0
0,1,1,0,0,0,0,0,0,0,0,0
1,1,0,0,0,0,0,0,0,0,0,0
1,1,0,0,0,0,0,0,0,0,0,0
1,1,0,1,0,0,0,0,0,0,0,1
1,1,0,0,0,1,0,0,0,0,0,0
1,1,0,0,0,0,1,0,1,0,1,1
1,1,0,1,0,0,1,0,0,0,0,0
0,1,0,0,0,0,0,0,0,0,0,0
1,0,1,1,0,0,0,0,0,0,0,0
1,1,0,0,0,0,0,0,0,0,0,1
1,1,0,0,0,1,0,0,0,0,0,1
1,1,0,0,0,0,0,0,0,0,0,0
1,1,0,0,0,0,0,0,0,0,0,0
1,1,0,0,0,0,0,0,0,0,0,0
1,1,0,1,0,0,0,0,0,0,0,0
1,0,0,0,0,0,0,0,0,0,0,0
0,0,1,0,1,0,0,0,0,0,0,0
1,1,0,0,0,1,0,0,0,0,1,0
0,1,0,0,0,1,0,0,1,1,0,0
1,1,1,0,0,0,0,0,0,1,0,1
1,0,1,0,0,0,0,0,0,1,0,0
0,0,1,0,1,0,1,0,1,0,1,1
1,1,0,0,0,0,0,0,0,0,0,0
1,1,1,0,0,0,0,0,0,1,0,0
1,1,1,0,0,0,0,0,0,0,0,0
1,0,1,0,0,0,0,0,0,0,0,0
1,1,0,0,0,0,0,1,0,0,0,0
1,1,0,0,0,0,0,0,0,0,0,0
1,1,0,0,1,0,0,0,0,0,0,0
1,1,0,0,0,0,0,0,0,0,0,0
1,1,1,0,0,0,0,0,0,1,0,0
1,1,1,0,0,0,0,0,0,0,0,0
1,1,1,0,1,0,0,0,0,0,0,0
1,0,1,1,0,0,0,0,0,0,0,0
0,1,0,0,0,0,1,0,1,1,0,1
1,1,1,1,1,0,0,0,0,0,0,0
1,1,0,0,1,0,1,0,1,0,1,1
1,1,1,0,0,0,0,0,0,0,0,0
1,0,1,0,1,0,0,0,0,1,1,0
1,1,0,0,0,0,0,0,0,0,0,0
1,1,1,0,0,1,0,0,0,1,0,0
1,1,0,0,0,0,0,0,0,0,0,0
1,0,0,0,0,0,0,0,0,0,0,0
1,0,0,0,0,0,0,0,0,0,0,0
1,1,1,0,0,0,0,0,0,0,0,0
0,1,0,0,0,1,0,0,0,0,0,0
1,1,0,0,0,0,0,0,0,0,0,0
1,1,0,0,0,1,0,0,0,0,0,0
1,1,1,0,0,0,0,0,0,0,0,0
0,1,0,0,0,1,0,0,0,1,0,0
1,0,1,0,0,0,0,0,0,1,0,0
0,1,1,0,0,0,0,0,0,0,0,0
1,0,1,1,1,0,1,0,1,0,0,1
1,0,0,1,0,1,0,0,0,0,0,0
1,1,0,0,0,0,0,0,0,0,0,0
0,0,0,0,0,0,1,0,0,0,0,1
1,1,1,1,0,1,0,1,0,0,0,0
1,1,0,0,0,0,0,0,0,0,0,0
1,1,1,0,0,0,0,0,0,0,0,0
0,1,0,1,0,0,0,0,0,0,0,0
1,0,1,1,0,0,0,0,0,0,0,0
1,1,0,0,1,0,0,0,0,0,0,0
0,0,0,0,0,0,0,0,0,0,0,0
1,1,0,0,1,0,0,0,0,0,0,0
1,0,1,0,0,0,0,0,0,0,0,0
1,1,0,0,0,0,0,0,0,0,0,0
1,1,0,0,0,0,0,0,0,0,0,0
0,1,0,0,1,0,1,1,0,0,0,1
1,0,1,0,1,0,0,1,1,0,0,0
0,1,0,0,0,0,0,0,0,0,0,0
1,1,1,0,0,0,0,0,0,0,0,0
0,1,1,0,0,0,0,0,0,0,0,0
0,0,0,0,1,1,1,1,1,1,1,0
1,1,0,0,0,0,0,0,0,0,0,0
1,1,0,0,0,0,0,1,0,0,0,0
0,0,0,1,0,1,1,0,1,0,1,0
0,0,0,1,1,0,1,1,1,0,1,1
1,1,1,0,1,0,0,1,0,1,0,0
1,0,1,0,0,0,0,0,0,0,0,0
1,1,0,0,0,0,0,0,0,0,0,0
0,1,0,0,0,1,1,1,1,1,0,0
1,0,1,0,0,0,0,0,0,0,0,0
1,0,0,0,0,0,0,0,0,0,0,0
1,1,1,0,0,0,0,0,0,0,0,0
1,1,0,0,0,0,0,0,0,0,0,0
1,1,1,0,0,0,0,0,0,0,0,0
1,1,0,0,0,0,0,0,0,1,0,0
1,1,1,0,0,0,0,0,0,0,0,0
0,1,1,0,0,0,0,0,0,0,0,0
1,1,1,0,0,0,0,0,0,1,0,0
1,0,0,1,0,0,1,0,1,0,0,1
1,1,0,0,0,0,0,0,0,1,0,0
0,1,0,0,0,0,0,0,0,0,0,0
1,1,0,0,0,0,0,0,0,0,0,1
1,1,1,0,0,0,0,0,0,0,0,0
1,0,0,1,0,1,0,0,0,0,0,0
1,1,1,0,1,0,0,1,0,1,0,0
1,1,0,0,0,1,0,0,0,0,0,0
1,1,1,0,0,0,0,0,0,1,0,0
1,1,1,1,0,0,1,0,0,0,0,0
1,1,1,0,0,0,0,0,0,0,0,0
1,1,0,0,1,0,0,0,0,0,0,0
1,0,0,0,0,1,1,0,1,0,1,1
1,0,0,0,1,0,0,0,0,0,0,0
1,1,0,0,0,0,0,0,0,0,0,0
1,1,1,0,0,0,0,0,0,1,0,0
1,1,0,0,0,0,0,0,0,0,0,0
1,0,0,0,0,1,0,0,0,0,0,0
1,1,0,0,1,1,0,0,0,0,0,0
1,0,1,1,1,0,1,1,0,0,0,0
0,1,1,0,0,0,0,0,0,0,0,0
0,1,1,0,1,0,0,0,1,0,0,0
1,1,0,0,1,0,0,1,0,0,0,0
0,0,1,0,0,0,0,1,1,0,0,0
1,1,0,0,0,0,0,0,0,0,0,0
0,1,0,0,1,1,0,1,1,0,1,1
1,1,0,0,0,1,1,1,1,0,1,0
1,1,1,0,0,0,0,1,0,0,0,0
1,1,0,0,0,0,0,0,0,0,0,0
1,1,0,0,0,0,0,0,0,0,0,0
1,1,1,0,1,0,0,0,0,0,0,0
1,1,1,1,0,0,0,0,0,0,0,0
1,1,1,0,0,0,0,0,0,0,0,0
0,1,0,0,0,1,0,0,1,0,0,0
1,1,0,1,0,0,0,0,0,0,0,0
1,0,1,1,0,0,1,1,0,0,0,0
1,1,0,0,0,0,0,0,0,0,0,0
1,1,0,0,0,0,0,0,0,0,0,0
1,1,0,0,0,0,0,0,0,0,0,1
1,1,0,0,0,0,0,1,0,0,0,0
1,1,0,0,0,0,0,0,0,1,0,0
1,1,0,0,1,0,0,0,0,0,0,0
1,1,0,0,0,0,0,0,0,0,0,0
0,1,0,0,0,1,0,0,0,1,0,0
0,1,0,0,1,0,0,1,1,0,0,1
1,0,1,1,0,0,1,1,0,0,0,0
0,1,0,1,0,1,0,0,1,0,0,0
1,1,0,0,0,0,0,0,0,0,0,0
1,1,0,0,0,0,0,0,0,0,0,0
1,1,0,0,1,0,0,0,0,0,0,0
1,1,1,0,0,0,0,1,0,0,0,0
1,0,1,0,0,1,1,0,1,0,1,1
1,1,0,0,0,0,0,0,0,0,0,0
1,0,0,0,0,0,0,0,0,0,0,0
0,0,0,1,0,0,1,0,1,0,1,0
1,1,0,0,1,0,1,0,1,0,1,1
1,0,1,1,0,0,0,0,0,0,0,0
1,0,0,0,0,0,0,0,0,0,0,0
1,1,0,0,0,0,1,0,0,0,0,0
1,1,0,0,0,0,0,1,0,1,0,0
0,0,1,0,0,0,0,0,0,0,0,0
0,0,0,1,0,1,1,0,1,0,0,1
0,0,0,0,1,1,0,0,1,0,1,1
0,1,1,1,0,0,0,0,0,0,0,0
0,0,0,1,0,1,1,0,1,0,0,0
0,1,0,0,0,0,0,0,1,1,0,0
0,1,1,0,0,0,0,0,0,1,0,0
1,1,0,0,1,0,0,1,0,1,0,0
1,1,1,0,0,0,0,0,0,0,0,0
1,1,0,0,0,0,0,0,0,0,0,0
1,1,0,0,0,0,0,0,0,0,0,0
0,1,0,0,0,0,0,1,0,0,0,0
1,0,0,1,0,1,1,0,1,0,1,0
1,0,0,0,1,1,1,1,1,1,0,0
0,1,0,0,0,0,0,0,0,0,0,0
1,1,0,1,0,1,0,1,0,1,0,0
1,1,0,0,0,0,0,0,0,0,0,0
1,0,0,0,1,1,1,0,1,0,0,1
0,0,0,0,0,1,1,0,1,1,0,0
1,1,0,0,0,0,0,0,0,0,0,0
1,1,0,0,1,0,0,0,0,0,0,0
1,1,0,0,0,0,0,0,0,0,0,0
1,1,0,0,0,0,0,0,0,0,0,0
1,1,1,0,0,0,0,0,0,0,0,0
1,1,1,0,1,0,0,0,0,0,0,0
1,1,0,0,0,0,1,1,0,0,0,0
1,1,0,0,0,0,0,0,0,1,0,0
1,1,0,0,0,0,0,0,0,0,0,0
1,1,1,0,0,0,1,0,0,0,0,0
0,1,1,0,0,0,0,0,0,0,0,0
1,0,1,0,0,0,0,0,0,0,0,0
0,1,0,0,0,0,1,0,0,0,0,0
1,1,1,0,1,0,0,0,0,0,0,0
1,1,1,1,0,0,0,0,0,0,0,0
1,1,0,0,0,0,0,0,0,0,0,0
0,1,0,0,0,1,0,0,0,0,0,0
0,1,0,1,0,0,1,1,1,0,1,1
0,1,0,0,0,1,0,0,1,0,0,0
1,1,0,0,0,0,0,0,0,0,0,0
1,1,0,0,0,0,1,0,0,0,0,0
1,1,0,0,0,0,0,1,0,0,0,0
0,0,0,1,0,1,1,0,1,0,1,0
1,0,1,1,0,0,1,0,0,0,0,0
1,1,1,0,0,0,0,0,0,0,0,0
1,0,0,0,0,0,1,0,1,0,1,0
0,0,0,0,0,1,1,0,1,0,1,0
1,1,1,1,1,0,0,0,0,1,0,0
1,1,1,0,0,0,0,0,0,0,1,0
1,1,0,1,0,0,0,0,0,0,0,0
1,0,0,1,0,1,0,0,1,0,1,1
0,0,0,0,1,0,1,0,0,0,1,1
1,0,1,0,0,0,0,0,0,0,0,0
1,1,0,0,0,0,0,0,0,0,0,0
1,1,1,0,0,0,0,0,0,0,0,0
1,1,1,0,0,0,0,0,0,0,0,0
0,0,0,1,0,0,1,0,1,0,0,1
0,0,0,0,0,0,1,0,1,0,1,1
1,1,0,0,0,0,0,0,0,0,0,0
1,1,0,0,0,0,0,0,0,0,0,0
1,1,0,0,1,1,0,0,0,0,1,0
1,1,1,1,1,0,0,0,0,0,0,0
1,1,0,0,0,0,0,0,0,0,0,0
1,0,1,0,0,0,0,0,0,0,0,0
1,1,1,1,0,0,0,0,0,0,0,0
0,0,0,0,0,1,1,0,1,0,0,1
1,0,0,1,0,0,0,0,0,0,0,1
1,0,0,1,0,0,0,0,1,0,1,1
1,1,0,0,0,0,0,0,0,0,0,0
0,0,0,1,0,1,0,0,1,0,1,0
0,0,1,0,0,0,1,0,1,1,1,0
1,1,0,0,0,0,1,1,0,0,0,0
1,0,0,1,0,0,0,1,0,0,0,1
1,1,0,0,0,0,0,0,0,0,0,0
1,1,0,0,0,0,0,1,0,0,0,0
1,1,0,0,0,0,1,1,0,0,0,0
1,1,1,0,0,0,0,0,0,1,0,1
0,1,0,0,0,0,0,0,0,0,0,0
1,1,0,0,0,0,0,0,0,0,0,0
0,1,0,0,0,0,0,0,0,0,0,0
1,1,1,0,0,0,0,0,0,0,0,0
1,0,1,1,0,0,0,0,0,1,0,0
1,0,0,0,0,1,1,1,0,0,1,0
1,1,0,0,0,0,0,0,0,0,0,0
0,0,0,0,0,1,1,0,1,0,1,0
1,1,1,0,0,0,0,0,0,0,0,0
0,0,1,0,0,0,0,0,0,0,0,0
1,1,0,0,0,0,0,0,0,0,0,0
1,1,0,1,1,0,0,0,0,0,0,0
1,1,1,0,1,0,0,0,0,0,0,0
1,0,1,0,0,0,1,1,1,1,0,0
1,0,1,1,1,0,0,1,0,0,0,0
0,1,0,0,0,1,0,0,1,0,1,1
1,1,1,1,1,0,0,0,0,1,0,0
1,1,0,0,0,0,0,0,0,0,0,0
1,0,1,0,0,0,0,0,0,0,0,0
1,0,1,1,0,0,0,0,0,0,0,0
0,1,0,0,0,1,0,0,0,0,0,1
0,1,0,0,0,1,0,0,0,0,0,0
1,0,1,1,0,0,0,0,0,0,0,0
1,1,0,1,0,0,0,0,0,0,0,0
0,0,0,1,0,1,0,0,1,0,1,1
1,1,0,0,0,0,0,0,0,0,0,1
1,0,0,0,0,0,0,0,0,1,0,0
1,1,0,0,0,0,0,0,0,0,0,0
0,1,0,0,0,0,0,0,0,0,0,0
1,1,0,1,0,0,0,0,0,0,0,1
1,0,1,0,0,0,0,0,1,0,1,1
1,1,1,1,0,0,0,0,0,0,0,0
1,1,0,0,0,0,0,0,0,0,0,0
